# Data from Clarivate Analytics' Web of Science, retrieved 1 December 2018
# This file generated on 2018-12-04 16:02:46
item,AU,DE,SO,id,title,year
0,"Torres, Sanchez A.|Vojinovic, Z.|Mynett, A.|Medina, N.|Mynett, A",urban growth|land use change modeling|cellular automata|genetic algorithms,PROCEEDINGS OF THE 36TH IAHR WORLD CONGRESS,WOS:000398996206068,ASSESSING THE IMPLICATIONS FOR URBAN DRAINAGE INFRASTRUCTURE OF FUTURE SCENARIOS OF URBAN GROWTH WITH CELLULAR AUTOMATA,2015
1,"Yi, Shuping|Ma, Haiyi|Zheng, Chunmiao|Ren, Guocheng|Hu, Xueling",radionuclide transport|numerical flow modeling|field-scale solute transport model|disposal of lilw|environmental impact assessment,ENVIRONMENTAL EARTH SCIENCES,WOS:000344737300019,A field-scale long-term study on radionuclide transport through weathered granites at a site in southern China,2014
2,"Hunke, Philip|Mueller, Eva Nora|Schroeder, Boris|Zeilhofer, Peter",cerrado|land degradation|ecosystem change|water quality|soil parameters|ecohydrology|land use change|mato grosso|pesticides|cash crops,ECOHYDROLOGY,WOS:000366798400013,The Brazilian Cerrado: assessment of water and soil degradation in catchments under intensive agricultural use,2015
3,"Thraen, Daniela|Schaldach, Ruediger|Millinger, Markus|Wolf, Verena|Arendt, Oliver|Ponitka, Jens|Gaertner, Sven|Rettenmaier, Nils|Hennenberg, Klaus|Schuengel, Jan",bioenergy scenarios|model framework|integrated assessment|environmental impacts|land-use change,ENVIRONMENTAL MODELLING & SOFTWARE,WOS:000388779600002,The MILESTONES modeling framework: An integrated analysis of national bioenergy strategies and their global environmental impacts,2016
4,"Negm, Lamyaa M.|Youssef, Mohamed A.|Jaynes, Dan B.",controlled drainage|drainmod-dssat|integrated modeling|crop production|water quality,AGRICULTURAL WATER MANAGEMENT,WOS:000401375800006,"Evaluation of DRAINMOD-DSSAT simulated effects of controlled drainage on crop yield, water balance, and water quality for a corn-soybean cropping system in central Iowa",2017
5,"Jiang, Yefang|Nishimura, Peter|van den Heuvel, Michael R.|MacQuarrie, Kerry T. B.|Crane, Cindy S.|Xing, Zisheng|Raymond, Bruce G.|Thompson, Barry L.",eutrophication|integrated modeling|potato|gis|leachn,JOURNAL OF HYDROLOGY,WOS:000364248800017,Modeling land-based nitrogen loads from groundwater-dominated agricultural watersheds to estuaries to inform nutrient reduction planning,2015
6,"Sudusinghe, Kishan|Jiao, Yang|Ben Salem, Haifa|van der Schaar, Mihaela|Bhattacharyya, Shuvra S.|Koziel, S|Leifsson, L|Lees, M|Krzhizhanovskaya, VV|Dongarra, J|Sloot, PMA",dataflow|dddas|model-based design|stream mining|machine learning,"INTERNATIONAL CONFERENCE ON COMPUTATIONAL SCIENCE, ICCS 2015 COMPUTATIONAL SCIENCE AT THE GATES OF NATURE",WOS:000373939100262,Multiobjective Design Optimization in the Lightweight Dataflow for DDDAS Environment (LiD4E),2015
7,"Gibreel, Tarig Mohammed|Herrmann, Sylvia|Berkhoff, Karin|Nuppenau, Ernst-August|Rinn, Alexandra",land use change scenario|clue-naban land-change model|gams|vfhm model|farm type cluster analysis|rubber|planning support|bau-scenario,ECOLOGICAL INDICATORS,WOS:000329081100084,Farm types as an interface between an agroeconomical model and CLUE-Naban land change model: Application for scenario modelling,2014
8,"Shorshani, Masoud Fallah|Andre, Michel|Bonhomme, Celine|Seigneur, Christian",integrated modelling|traffic|emission|air pollution|water pollution,ENVIRONMENTAL MODELLING & SOFTWARE,WOS:000349429800010,"Modelling chain for the effect of road traffic on air and water quality: Techniques, current status and future prospects",2015
9,"Thiam, Djiby Racine|Muchapondwa, Edwin|Kirsten, Johann|Bourblanc, Magalie",water policy|south africa|olifants river basin|agriculture|water rights|integrated modeling approach,WATER RESOURCES AND ECONOMICS,WOS:000366133100005,Implications of water policy reforms for agricultural productivity in South Africa: Scenario analysis based on the Olifants river basin,2015
10,"Barthel, Roland|Banzhaf, Stefan",groundwater-surface water interaction|regional scale|catchment scale|integrated modelling|model coupling,WATER RESOURCES MANAGEMENT,WOS:000367856800001,Groundwater and Surface Water Interaction at the Regional-scale - A Review with Focus on Regional Integrated Models,2016
11,"Hughes, J. D.|Dutta, D.|Vaze, J.|Kim, S. S. H.|Podger, G.",large river basin|irrigation|unaccounted gains|unaccounted loss|loss function|calibration|routing|floodplain|irrigation,ENVIRONMENTAL MODELLING & SOFTWARE,WOS:000329561100015,An automated multi-step calibration procedure for a river system model,2014
12,"Ahmad, Zulfiqar|Ashraf, Arshad|Zaheer, Muhammad|Bashir, Humaira",hydrological modeling|deforestation|soan river|simly|khanpur watershed|land use,JOURNAL OF MOUNTAIN SCIENCE,WOS:000358671900015,Hydrological response to environment change in Himalayan watersheds: Assessment from integrated modeling approach,2015
13,"Lohpaisankrit, Worapong|Meon, Guenter|Tingsanchali, Tawatchai|Schumann, AH|Bloschl, G|Castellarin, A|Dietrich, J|Grimaldi, S|Haberlandt, U|Montanari, A|Rosbjerg, D|Viglione, A|Vorogushyn, S",,SPATIAL DIMENSIONS OF WATER MANAGEMENT - REDISTRIBUTION OF BENEFITS AND RISKS,WOS:000391006000031,A framework of integrated hydrological and hydrodynamic models using synthetic rainfall for flash flood hazard mapping of ungauged catchments in tropical zones,2016
14,"Belete, Getachew F.|Voinov, Alexey|Morales, Javier",integrated modeling|web services|wrapping|service oriented architecture|semantic mediation,ENVIRONMENTAL MODELLING & SOFTWARE,WOS:000403644700009,Designing the Distributed Model Integration Framework - DMIF,2017
15,"Gustafson, David|Gutman, Alona|Leet, Whitney|Drewnowski, Adam|Fanzo, Jessica|Ingram, John",crop modeling|open data|sustainability|resilience|waste and loss|nutrition security|food security|climate change|integrated modeling|food safety|economic modeling,SUSTAINABILITY,WOS:000373800600076,Seven Food System Metrics of Sustainable Nutrition Security,2016
16,"Digman, Christopher J.|Anderson, Nicholas|Rhodes, Gwen|Balmforth, David J.|Kenney, Stephen",floods & floodworks|risk & probability analysis|sewers & drains,PROCEEDINGS OF THE INSTITUTION OF CIVIL ENGINEERS-WATER MANAGEMENT,WOS:000329344100005,Realising the benefits of integrated urban drainage models,2014
17,"Kotilainen, Aarno T.|Arppe, Laura|Dobosz, Slawomir|Jansen, Eystein|Kabel, Karoline|Karhu, Juha|Kotilainen, Mia M.|Kuijpers, Antoon|Lougheed, Bryan C.|Meier, H. E. Markus|Moros, Matthias|Neumann, Thomas|Porsche, Christian|Poulsen, Niels|Rasmussen, Peter|Ribeiro, Sofia|Risebrobakken, Bjorg|Ryabchuk, Daria|Schimanke, Semjon|Snowball, Ian|Spiridonov, Mikhail|Virtasalo, Joonas J.|Weckstrom, Kaarina|Witkowski, Andrzej|Zhamoida, Vladimir",baltic sea|climate change|holocene|inflow|multiproxy analyses|modeling,AMBIO,WOS:000329831800006,Echoes from the Past: A Healthy Baltic Sea Requires More Effort,2014
18,"Sahin, O.|Beal, C.|Khan, S.|Kersting, A.|Dewe, J.|Weber, T|McPhee, MJ|Anderssen, RS",water conservation|demand-based tariff modelling|integrated modelling|system dynamics modelling|stakeholder engagement,21ST INTERNATIONAL CONGRESS ON MODELLING AND SIMULATION (MODSIM2015),WOS:000410535400214,A modelling framework for assessing water conservation potentials through demand-based tariff structures from societal and economic perspectives,2015
19,"Selim, Samiya A.|Blanchard, Julia L.|Bedford, Jacob|Webb, Thomas J.",marine ecosystem services|historical ecology|path analysis|fisheries|climate change,REGIONAL ENVIRONMENTAL CHANGE,WOS:000369005400007,Direct and indirect effects of climate and fishing on changes in coastal ecosystem services: a historical perspective from the North Sea,2016
20,"Lobanova, Anastasia|Liersch, Stefan|Tabara, J. David|Koch, Hagen|Hattermann, Fred F.|Krysanova, Valentina",hydrological modelling|reservoir management|tagus segura water transfer|human-hydrological systems|water resources allocation|climate change,JOURNAL OF HYDROLOGY,WOS:000403739000034,Harmonizing human-hydrological system under climate change: A scenario-based approach for the case of the headwaters of the Tagus River,2017
21,"Joung, Youn-Kyoung|Noh, Sang Do",ergonomics analysis|modeling and simulation|in-line motion capture|product lifecycle management,CONCURRENT ENGINEERING-RESEARCH AND APPLICATIONS,WOS:000341093600004,Integrated modeling and simulation with in-line motion captures for automated ergonomic analysis in product lifecycle management,2014
22,"Chen, Pi-Cheng|Crawford-Brown, Douglas|Chang, Chi-Hui|Ma, Hwong-wen",substance flow analysis|environmental risk assessment|input-output analysis,ECOLOGICAL ECONOMICS,WOS:000345474800010,Identifying the drivers of environmental risk through a model integrating substance flow and input-output analysis,2014
23,"Wang, Yangyang|Atallah, Shady|Shao, Guofan",spatial analysis of ecosystem services|private forest conservation|ecosystem accounting|nutrient retention service|invest nutrient retention model|conservation return on investment,ECOSYSTEM SERVICES,WOS:000414208000006,"Spatially explicit return on investment to private forest conservation for water purification in Indiana, USA",2017
24,"Passarello, M. C.|Pierce, S. A.|Sharp, J. M.",decision support|groundwater availability|integrated assessment|sustainable yield|uncertainty|urban recharge,WATER SCIENCE AND TECHNOLOGY,WOS:000346388700020,Uncertainty and urban water recharge for managing groundwater availability using decision support,2014
25,"Will, Robert|Smith, Valerie|Lee, Don|Senel, Ozgur",microseismic|integration|modeling|prediction|simulation|geomechanicsa,INTERNATIONAL JOURNAL OF GREENHOUSE GAS CONTROL,WOS:000387781500031,"Data integration, reservoir response, and application",2016
26,"Kim, Kyu Rang|Kim, Mijin|Choe, Ho-Seong|Han, Mae Ja|Lee, Hye-Rim|Oh, Jae-Won|Kim, Baek-Jo",pollen|allergy|concentration|risk warning|weibull pdf,INTERNATIONAL JOURNAL OF BIOMETEOROLOGY,WOS:000393669800006,A biology-driven receptor model for daily pollen allergy risk in Korea based on Weibull probability density function,2017
27,"Merritt, W. S.|Fu, B.|Ticehurst, J. L.|El Sawah, S.|Vigiak, O.|Roberts, A. M.|Dyer, F.|Pollino, C. A.|Guillaume, J. H. A.|Croke, B. F. W.|Jakeman, A. J.",decision support|evaluation|water resources|stakeholders|social learning|integrated modelling,ENVIRONMENTAL MODELLING & SOFTWARE,WOS:000403644700005,Realizing modelling outcomes: A synthesis of success factors and their use in a retrospective analysis of 15 Australian water resource projects,2017
28,"Kraucunas, Ian|Clarke, Leon|Dirks, James|Hathaway, John|Hejazi, Mohamad|Hibbard, Kathy|Huang, Maoyi|Jin, Chunlian|Kintner-Meyer, Michael|van Dam, Kerstin Kleese|Leung, Ruby|Li, Hong-Yi|Moss, Richard|Peterson, Marty|Rice, Jennie|Scott, Michael|Thomson, Allison|Voisin, Nathalie|West, Tristram",,CLIMATIC CHANGE,WOS:000352205300016,"Investigating the nexus of climate, energy, water, and land at decision-relevant scales: the Platform for Regional Integrated Modeling and Analysis (PRIMA)",2015
29,"Costanza, Robert|de Groot, Rudolf|Braat, Leon|Kubiszewski, Ida|Fioramonti, Lorenzo|Sutton, Paul|Farber, Steve|Grasso, Monica",,ECOSYSTEM SERVICES,WOS:000417085800001,Twenty years of ecosystem services: How far have we come and how far do we still need to go?,2017
30,"Morales, Viviana M.|Mier, Jose M.|Garcia, Marcelo H.",cso|hydraulic of sewers|integrated modeling,URBAN WATER JOURNAL,WOS:000387449500011,Innovative modeling framework for combined sewer overflows prediction,2017
31,"Liu, L.|Li, R.|Wang, Y. Z.",water cycle|distributed hydrological model|downscaling|flood|water resources|extreme events,APPLIED ECOLOGY AND ENVIRONMENTAL RESEARCH,WOS:000403811200075,"EVALUATION OF CLIMATE CHANGE IMPACTS ON HYDROLOGICAL PROCESSES IN THE YANGTZE RIVER DELTA REGION, CHINA",2017
32,"Dai, Shanshan|Li, Lanhai|Xu, Honggang",integrated modeling|leap-forward growth|sustainable water planning|system dynamics modeling|water balance|xinjiang,WATER POLICY,WOS:000407448400010,Simulation of water scarcity in a leap-forward developing arid region: a system dynamics model of Xinjiang Uygur Autonomous Region,2017
33,"Ponce, Roberto D.|Fernandez, Francisco|Stehr, Alejandra|Vasquez-Lavin, Felipe|Godoy-Faundez, Alex",hydro-economic model|climate change|agriculture|irrigation|hydrology,REGIONAL ENVIRONMENTAL CHANGE,WOS:000405800600020,Distributional impacts of climate change on basin communities: an integrated modeling approach,2017
34,"McNeill, Kelsie|Macdonald, Kiera|Singh, Ashutosh|Binns, Andrew D.",global food security|water availability|climate change|hydrological models|spatial resolution,AGRICULTURAL WATER MANAGEMENT,WOS:000413380000010,Food and water security: Analysis of integrated modeling platforms,2017
35,"Zhang, Dianfan|Hu, Jiang|Rong, Yu|Xiaoman, |Cheng, Shuhong|Liu, M|Zhang, ",parallel mechanism|kinematics|error modeling|sensitivity analysis,PROCEEDINGS OF THE INTERNATIONAL CONFERENCE ON ADVANCES IN MECHANICAL ENGINEERING AND INDUSTRIAL INFORMATICS,WOS:000362291500264,Error modeling and Sensitivity Analysis of 5-DOF Parallel Tripod Head,2015
36,"Tian, Yong|Zheng, Yi|Wu, Bin|Wu, Xin|Liu, Jie|Zheng, Chunmiao",surface water-groundwater interaction|integrated modeling|gsflow|swmm|heihe river basin,ENVIRONMENTAL MODELLING & SOFTWARE,WOS:000347362900014,Modeling surface water-groundwater interaction in arid and semi-arid regions with intensive agriculture,2015
37,"Panagopoulos, Yiannis|Gassman, Philip W.|Jha, Manoj K.|Kling, Catherine L.|Campbell, Todd|Srinivasan, Raghavan|White, Michael|Arnold, Jeffrey G.",corn belt|large-scale calibration|nonpoint source pollution|refined modeling|swat,JOURNAL OF HYDROLOGY,WOS:000354503300027,A refined regional modeling approach for the Corn Belt - Experiences and recommendations for large-scale integrated modeling,2015
38,"Bateman, Ian|Agarwala, Matthew|Binner, Amy|Coombes, Emma|Day, Brett|Ferrini, Silvia|Fezzi, Carlo|Hutchins, Michael|Lovett, Andrew|Posen, Paulette",integrated models|land use|agriculture|climate change|water quality|recreation|economics|spatial analysis,JOURNAL OF ENVIRONMENTAL MANAGEMENT,WOS:000383291700020,Spatially explicit integrated modeling and economic valuation of climate driven land use change and its indirect effects,2016
39,"de Vries, W.|Kros, J.|Dolman, M. A.|Vellinga, Th. V.|de Boer, H. C.|Gerritsen, A. L.|Sonneveld, M. P. W.|Bouma, J.",dairy farms|nutrient cycle|life cycle assessment|landscape model|global warming potential|eutrophication potential|acidification potential,SCIENCE OF THE TOTAL ENVIRONMENT,WOS:000361189800047,Environmental impacts of innovative dairy farming systems aiming at improved internal nutrient cycling: A multi-scale assessment,2015
40,"Fraser, Hannah|Rumpff, Libby|Yen, Jian D. L.|Robinson, Doug|Wintle, Brendan A.",bayesian network|multicriteria decision analysis|species distribution models|state-and-transition model|trade-offs,CONSERVATION BIOLOGY,WOS:000417183900020,Integrated models to support multiobjective ecological restoration decisions,2017
41,"Shorshani, Masoud Fallah|Bonhomme, Celine|Petrucci, Guido|Andre, Michel|Seigneur, Christian",integrated modelling|stormwater|traffic|emissions|air pollution|water quality,ENVIRONMENTAL SCIENCE AND POLLUTION RESEARCH,WOS:000334443600004,"Road traffic impact on urban water quality: a step towards integrated traffic, air and stormwater modelling",2014
42,"Simons, Franz|Busse, Tobias|Hou, Jingming|Oezgen, Ilhan|Hinkelmann, Reinhard",finite-volume method|integrated modelling|object-oriented programming|overland flow|rainfall-runoff simulation|two-dimensional shallow water equations,JOURNAL OF HYDROINFORMATICS,WOS:000333684400010,A model for overland flow and associated processes within the Hydroinformatics Modelling System,2014
43,"Macmillan, Alexandra|Connor, Jennie|Witten, Karen|Kearns, Robin|Rees, David|Woodward, Alistair",,ENVIRONMENTAL HEALTH PERSPECTIVES,WOS:000334069100015,The Societal Costs and Benefits of Commuter Bicycling: Simulating the Effects of Specific Policies Using System Dynamics Modeling,2014
44,"Walsh, Claire L.|Blenkinsop, Stephen|Fowler, Hayley J.|Burton, Aidan|Dawson, Richard J.|Glenis, Vassilis|Manning, Lucy J.|Jahanshahi, Golnaz|Kilsby, Chris G.",,HYDROLOGY AND EARTH SYSTEM SCIENCES,WOS:000377862900013,Adaptation of water resource systems to an uncertain future,2016
45,"Shrestha, Badri Bhakta|Nakagawa, Hajime",integrated modeling system|the tsho rolpa glacial lake|moraine dam failure|seepage flow|water overtopping|possible threats|damages,NATURAL HAZARDS,WOS:000331395900044,Assessment of potential outburst floods from the Tsho Rolpa glacial lake in Nepal,2014
46,"Li Wencui, |Li Xiong, |Zhang Chi, |Wu Lijie, |Shu Xinjian, |Tang Weixia, |Yu, J|Liu, Q",interactive graphics sharing|figure module integration|comprehensive network|integrated monitoring,PROCEEDINGS OF THE 2016 4TH INTERNATIONAL CONFERENCE ON ELECTRICAL & ELECTRONICS ENGINEERING AND COMPUTER SCIENCE (ICEEECS 2016),WOS:000398964800136,Research on the Figure Module Integration Technology in Communication Monitoring,2016
47,"Dezetter, A.|Fabre, J.|Ruelland, D.|Servat, E.|Daniell, TM|VanLanen, HAJ|Demuth, S|Laaha, G|Servat, E|Mahe, G|Boyer, JF|Paturel, JM|Dezetter, A|Ruelland, D",climatic datasets|interpolation|rainfall-runoff modelling|ebro basin|hydro-system modelling|selection method,HYDROLOGY IN A CHANGING WORLD: ENVIRONMENTAL AND HUMAN DIMENSIONS,WOS:000357968600057,Selecting an optimal climatic dataset for integrated modelling of the Ebro hydrosystem,2014
48,"Luetjen, Michael|Alla, Abderrahim Ait",,MATHEMATICAL PROBLEMS IN ENGINEERING,WOS:000333629200001,Risk-Optimized Design of Production Systems by Use of GRAMOSA,2014
49,"Urich, Christian|Rauch, Wolfgang",agent-based modelling|decision-support tools|integrated modelling|urban development|urban water management|water infrastructure,WATER SCIENCE AND TECHNOLOGY,WOS:000346388700017,Modelling the urban water cycle as an integrated part of the city: a review,2014
50,"Ala-aho, Pertti|Soulsby, Chris|Wang, Hailong|Tetzlaff, Doerthe",integrated modelling|streamflow generation|groundwater|catchment modelling|model calibration,JOURNAL OF HYDROLOGY,WOS:000398871100049,Integrated surface-subsurface model to investigate the role of groundwater in headwater catchment runoff generation: A minimalist approach to parameterisation,2017
51,"Xie, Hua|You, Liangzhi|Wielgosz, Benjamin|Ringler, Claudia",agricultural development|integrated assessment|environmental suitability|economic returns,AGRICULTURAL WATER MANAGEMENT,WOS:000328180000020,Estimating the potential for expanding smallholder irrigation in Sub-Saharan Africa,2014
52,"Engdahl, Nicholas B.|Maxwell, Reed M.",integrated modeling|residence time|age distributions|particle tracking,JOURNAL OF HYDROLOGY,WOS:000350920200013,Quantifying changes in age distributions and the hydrologic balance of a high-mountain watershed from climate induced variations in recharge,2015
53,"Liggett, Jessica E.|Partington, Daniel|Frei, Sven|Werner, Adrian D.|Simmons, Craig T.|Fleckenstein, Jan H.",solute transport|surface-subsurface coupling|integrated modelling|catchment modelling,JOURNAL OF HYDROLOGY,WOS:000364249500023,An exploration of coupled surface-subsurface solute transport in a fully integrated catchment model,2015
54,"Turolla, Andrea|Santoro, Domenico|de Bruyn, John R.|Crapulli, Ferdinando|Antonelli, Manuela",advanced oxidation processes|cfd simulation|degradation kinetics|henyey-greenstein function|scattering phase function|titanium dioxide,WATER RESEARCH,WOS:000367276500011,Nanoparticle scattering characterization and mechanistic modelling of UV-TiO2 photocatalytic reactors using computational fluid dynamics,2016
55,"Zope, P. E.|Eldho, T. I.|Jothiprakash, V.",urbanization|coastal urban catchment|land use-land cover change|flood plain modeling|flood hazard map,NATURAL HAZARDS,WOS:000345971600041,"Impacts of urbanization on flooding of a coastal urban catchment: a case study of Mumbai City, India",2015
56,"Andersson, Mikael|Kellomaki, Seppo|Gardiner, Barry|Blennow, Kristina",ecosystem service|cultural service|wind damage|life-style|climate change|forest,REGIONAL ENVIRONMENTAL CHANGE,WOS:000365082400002,Life-style services and yield from south-Swedish forests adaptively managed against the risk of wind damage: a simulation study,2015
57,"Ham, Jonghwa|Hong, Yoon-Seok Timothy",uncertainty analysis|integrated modelling system|river basin management measure|treatment wetland|monte carlo simulation|glue,IRRIGATION AND DRAINAGE,WOS:000386949600028,Integrated Modelling System with Uncertainty Analysis for Reservoir Water Quality Management in a Reclamation River Basin,2016
58,"Bucak, Tuba|Trolle, Dennis|Andersen, Hans Estrup|Thodsen, Hans|Erdogan, Seyda|Levi, Eti E.|Filiz, Nur|Jeppesen, Erik|Beklioglu, Meryem",epsilon-svr|climate change|water level|land use|drying out|outflow,SCIENCE OF THE TOTAL ENVIRONMENT,WOS:000394635300039,Future water availability in the largest freshwater Mediterranean lake is at great risk as evidenced from simulations with the SWAT model,2017
59,"Pivato, Alberto|Barausse, Alberto|Zecchinato, Francesco|Palmeri, Luca|Raga, Roberto|Lavagnolo, Maria Cristina|Cossu, Raffaello",pesticide drift|inhalation risk analysis|calpuff|fugacity model,ATMOSPHERIC ENVIRONMENT,WOS:000355026100014,An integrated model-based approach to the risk assessment of pesticide drift from vineyards,2015
60,"Bandilla, Karl W.|Guo, Bo|Celia, Michael A.|Dixon, T|Laloui, L|Twinning, S",geologic carbon storage|vertically-integrated modeling|vertical heterogeneity,"13TH INTERNATIONAL CONFERENCE ON GREENHOUSE GAS CONTROL TECHNOLOGIES, GHGT-13",WOS:000419147303048,Applicability of Vertically Integrated Models for Carbon Storage Modeling in Structured Heterogeneous Domains,2017
61,"Romero, Estela|Le Gendre, Romain|Garnier, Josette|Billen, Gilles|Fisson, Cedric|Silvestre, Marie|Riou, Philippe",seine river|water quality|nutrients|long-term trends|wfd|policy,ENVIRONMENTAL SCIENCE & POLICY,WOS:000370900400015,Long-term water quality in the lower Seine: Lessons learned over 4 decades of monitoring,2016
62,"Poustie, Michael S.|Deletic, Ana",developing countries|sustainable urban water management|simulation modeling|strategic infrastructure planning|scenario analysis,AMBIO,WOS:000344920200010,"Modeling integrated urban water systems in developing countries: case study of Port Vila, Vanuatu",2014
63,"Franklin, Janet|Regan, Helen M.|Syphard, Alexandra D.",biodiversity|population viability|population model|fire|california|species distribution model|rare plant species|urban growth model|land-use change|climate change,ENVIRONMENTAL CONSERVATION,WOS:000335415400002,Linking spatially explicit species distribution and population models to plan for the persistence of plant species under global change,2014
64,"Liggett, Jessica E.|Werner, Adrian D.|Smerdon, Brian D.|Partington, Daniel|Simmons, Craig T.",integrated modeling|solute transport|rainfall-runoff|dispersion|hydrograph separation,WATER RESOURCES RESEARCH,WOS:000344783800012,Fully integrated modeling of surface-subsurface solute transport and the effect of dispersion in tracer hydrograph separation,2014
65,"Wu, Qingru|Wang, Shuxiao|Wang, Long|Liu, Fang|Lin, Che-Jen|Zhang, Lei|Wang, Fengyang",hg emission|nonferrous metal smelters|soil contamination|integrated modeling,SCIENCE OF THE TOTAL ENVIRONMENT,WOS:000342245600072,Spatial distribution and accumulation of Hg in soil surrounding a Zn/Pb smelter,2014
66,"Pfannerstill, Matthias|Guse, Bjoern|Fohrer, Nicola",swat|groundwater modelling|multi-storage concept|low flows|lowland catchment,HYDROLOGICAL PROCESSES,WOS:000343862400009,A multi-storage groundwater concept for the SWAT model to emphasize nonlinear groundwater dynamics in lowland catchments,2014
67,"Trichakis, I.|Burek, P.|de Roo, A.|Pistocchi, A.",integrated modelling|lisflood|modflow|europe|large scale,ENVIRONMENTAL PROCESSES-AN INTERNATIONAL JOURNAL,WOS:000414369000007,Towards a Pan-European Integrated Groundwater and Surface Water Model: Development and Applications,2017
68,"Foster, T.|Brozovic, N.|Butler, A. P.",groundwater|policy|well yield|economic|agriculture|irrigation,WATER RESOURCES RESEARCH,WOS:000394911200044,Effects of initial aquifer conditions on economic benefits from groundwater conservation,2017
69,"Ren, Liliang|Yuan, Fei|Yong, Bin|Jiang, Shanhu|Yang, Xiaoli|Gong, Luyan|Ma, Mingwei|Liu, Yi|Shen, Hongren|Castellarin, A|Ceola, S|Toth, E|Montanari, A",runoff|evapotranspiration|blue water|green water|land use and cover changes|water balance,"EVOLVING WATER RESOURCES SYSTEMS: UNDERSTANDING, PREDICTING AND MANAGING WATER-SOCIETY INTERACTIONS",WOS:000357968700015,Where does blue water go in the semi-arid area of northern China under changing environments?,2014
70,"Tian, Yong|Zheng, Yi|Zheng, Chunmiao|Xiao, Honglang|Fan, Wenjie|Zou, Songbing|Wu, Bin|Yao, Yingying|Zhang, Aijing|Liu, Jie",,WATER RESOURCES RESEARCH,WOS:000358301200011,Exploring scale-dependent ecohydrological responses in a large endorheic river basin through integrated surface water-groundwater modeling,2015
71,"Milano, Marianne|Reynard, Emmanuel|Bosshard, Nina|Weingartner, Rolf",integrated modeling|water resources|water needs|climate change|anthropogenic changes|2060 horizon|water stress|vaud canton,HOUILLE BLANCHE-REVUE INTERNATIONALE DE L EAU,WOS:000387985900005,"In light of seasonal climatic and anthropogenic changes, is the Vaud canton (Switzerland) vulnerable to water stress by the medium-term?",2016
72,"Xu, Yan|Cai, Yanpeng|Sun, Tao|Tan, Qian",modeling framework|coastal reclamation|dpsir|indicators system|yellow river estuary,MARINE POLLUTION BULLETIN,WOS:000408076900015,"A multi-scale integrated modeling framework to measure comprehensive impact of coastal reclamation activities in Yellow River estuary, China",2017
73,"Wang, Sirui|Zhuang, Qianlai|Yu, Zicheng|Bridgham, Scott|Keller, Jason K.",,JOURNAL OF GEOPHYSICAL RESEARCH-BIOGEOSCIENCES,WOS:000385712400011,Quantifying peat carbon accumulation in Alaska using a process-based biogeochemistry model,2016
74,"Makropoulos, C.|Tsoukala, V.|Belibassakis, K.|Lykou, A.|Chondros, M.|Gourgoura, P.|Nikolopoulos, D.|Mynett, A",extreme hydro-meteorological events|flood risk|active stakeholder participation|rethymno,PROCEEDINGS OF THE 36TH IAHR WORLD CONGRESS,WOS:000398996206111,"MANAGING FLOOD RISK IN COASTAL CITIES THROUGH AN INTEGRATED MODELLING FRAMEWORK SUPPORTING STAKEHOLDERS' INVOLVEMENT: THE CASE OF RETHYMNO, CRETE",2015
75,"Eshtawi, Tamer|Evers, Mariele|Tischbein, Bernhard|Diekkrueger, Bernd",urban water system|groundwater deterioration|integrated modeling|sustainability|solute transport|non-conventional water resources,WATER RESEARCH,WOS:000381169400043,Integrated hydrologic modeling as a key for sustainable urban water resources planning,2016
76,"Li, Mingchao|Han, Yanqing|Wang, Gang|Yan, Fugen",,MATHEMATICAL PROBLEMS IN ENGINEERING,WOS:000339254500001,3D Multiscale Integrated Modeling Approach of Complex Rock Mass Structures,2014
77,"Santarosa, Lucas Vituri|Manzione, Rodrigo Lilla",data fusion|groundwater management|geostatistics|bauru aquifer system|groundwater recharge,RBRH-REVISTA BRASILEIRA DE RECURSOS HIDRICOS,WOS:000438515500023,Soil variables as auxiliary information in spatial prediction of shallow water table levels for estimating recovered water volume,2017
78,"Waters, D. K.|Jiao, F.|Chen, M. D.|Yang, J. D.|Pape, S.|Zhang, H. J.|Li, J.|Nash, D.|Hongqi, S|Xiangxin, L",water quality|catchment modelling|source,"PROCEEDINGS OF THE 5TH INTERNATIONAL YELLOW RIVER FORUM ON ENSURING WATER RIGHT OF THE RIVER'S DEMAND AND HEALTHY RIVER BASIN MAINTENANCE, VOL IV",WOS:000391414900054,"Nutrient Management in the Lake Tai Basin, China -Application of Source Water Quantity and Quality Model to Dongshan Peninsula",2015
79,"Goharian, Erfan|Burian, Steven J.|Bardsley, Tim|Strong, Courtenay",climate change impacts|hydrologic modeling|water system analysis|vulnerability,JOURNAL OF WATER RESOURCES PLANNING AND MANAGEMENT,WOS:000368828800009,Incorporating Potential Severity into Vulnerability Assessment of Water Supply Systems under Climate Change Conditions,2016
80,"Herrmann, Sylvia|Fox, Jefferson M.",editorial|south-west china|rural livelihood|interdisciplinary research|integrated modeling,ECOLOGICAL INDICATORS,WOS:000329081100081,"Assessment of rural livelihoods in South-West China based on environmental, economic, and social indicators",2014
81,"Kourgialas, Nektarios N.|Karatzas, George P.",agroecosystem|groundwater|integrated modeling systems|monitoring water resources|vadose zone|water economy,ENVIRONMENTAL MONITORING AND ASSESSMENT,WOS:000357340500070,A modeling approach for agricultural water management in citrus orchards: cost-effective irrigation scheduling and agrochemical transport simulation,2015
82,"Schmitz, Oliver|Salvadore, Elga|Poelmans, Lien|van der Kwast, Johannes|Karssenberg, Derek",hydrology|integrated modelling|interdisciplinary modelling|land use change|python|spatio-temporal scaling,JOURNAL OF HYDROINFORMATICS,WOS:000348519300009,A framework to resolve spatio-temporal misalignment in component-based modelling,2014
83,"Pham Thi Thu Ha, |Kokutse, Nomessi|Duchesne, Sophie|Villeneuve, Jean-Pierre|Belanger, Alain|Ha Ngoc Hien, |Toumbou, Babacar|Duong Ngoc Bach, ",multi-criteria methodology|water quality|integrated watershed management|gibsi|scenario analysis|cau river basin,ENVIRONMENT DEVELOPMENT AND SUSTAINABILITY,WOS:000412840100007,Assessing and selecting interventions for river water quality improvement within the context of population growth and urbanization: a case study of the Cau River basin in Vietnam,2017
84,"Farjad, Babak|Gupta, Anil|Razavi, Saman|Faramarzi, Monireh|Marceau, Danielle J.",hydrology|climate change|hydrological modeling|cellular automata|land-use change|mike she|mike 11,WATER,WOS:000414707500044,An Integrated Modelling System to Predict Hydrological Processes under Climate and Land-Use/Cover Change Scenarios,2017
85,"Burger, Gregor|Bach, Peter M.|Urich, Christian|Leonhardt, Gunther|Kleidorfer, Manfred|Rauch, Wolfgang",integrated urban drainage|modelling|simulation framework|object-oriented design|multi-core|parallel computing,ADVANCES IN ENGINEERING SOFTWARE,WOS:000383298800020,Designing and implementing a multi-core capable integrated urban drainage modelling Toolkit:Lessons from CityDrain3,2016
86,"Dodla, Venkata Bhaskar Rao|Gubbala, China Satyanarayana|Desamsetti, Srinivas",particulate matter|dispersion|power plants|arw model|hysplit,AEROSOL AND AIR QUALITY RESEARCH,WOS:000397029600004,"Atmospheric Dispersion of PM2.5 Precursor Gases from Two Major Thermal Power Plants in Andhra Pradesh, India",2017
87,"Terry, Andrew C.|Carslaw, Nicola|Ashmore, Mike|Dimitroulopoulou, Sani|Carslaw, David C.",,ATMOSPHERIC ENVIRONMENT,WOS:000330602100044,"Occupant exposure to indoor air pollutants in modern European offices: An integrated modelling approach (vol 82, pg 9, 2014)",2014
88,"Fernandez, Francisco J.|Ponce, Roberto D.|Blanco, Maria|Rivera, Diego|Vasquez, Felipe",hydro-economic model|small-scale farmers|risk|water variability|climate change,WATER RESOURCES MANAGEMENT,WOS:000369520100004,Water Variability and the Economic Impacts on Small-Scale Farmers. A Farm Risk-Based Integrated Modelling Approach,2016
89,"Doglioni, Angelo|Galeandro, Annalisa|Simeone, Vincenzo|Lollino, G|Arattano, M|Rinaldi, M|Giustolisi, O|Marechal, JC|Grant, GE",ephemeral streams|karst areas|hydrograph|iuh|flood integrated modeling,"ENGINEERING GEOLOGY FOR SOCIETY AND TERRITORY, VOL 3: RIVER BASINS, RESERVOIR SEDIMENTATION AND WATER RESOURCES",WOS:000358990300036,The Generation of Runoff Through Ephemeral Streams,2015
90,"Huang, Bin|Xing, Ke|Pullen, Stephen",buildings|integrated modelling|life cycle energy|systems thinking|urban precincts,JOURNAL OF CLEANER PRODUCTION,WOS:000408788100003,Energy and carbon performance evaluation for buildings and urban precincts: review and a new modelling concept,2017
91,"Menon, Manoj|Rousseva, Svetla|Nikolaidis, Nikolaos P.|van Gaans, Pauline|Panagos, Panos|Souza, Danielle Maia|Ragnarsdottir, Kristin Vala|Lair, Georg J.|Weng, Liping|Bloem, Jaap|Kram, Pavel|Novak, Martin|Davidsdottir, Brynhildur|Gisladottir, Gudrun|Robinson, David A.|Reynolds, Brian|White, Tim|Lundin, Lars|Zhang, Bin|Duffy, Christopher|Bernasconi, Stefano M.|de Ruiter, Peter|Blum, Winfried E. H.|Banwart, Steven A.",critical zone|ecosystem services|soil processes|integrated modelling|thematic strategy,ENVIRONMENTAL SCIENCE AND POLLUTION RESEARCH,WOS:000331815100074,SoilTrEC: a global initiative on critical zone research and integration,2014
92,"Nkiaka, E.|Shrestha, N. K.|Leta, O. T.|Bauwens, W.",brussels|combined sewerage system|cosimat|swmm,WATER AND ENVIRONMENT JOURNAL,WOS:000388624500017,"Use of continuous simulation model (COSIMAT) as a complementary tool to model sewer systems: a case study on the Paruck collector, Brussels, Belgium",2016
93,"Hahn, C.|Prasuhn, V.|Stamm, C.|Milledge, D. G.|Schulin, R.",,HYDROLOGY AND EARTH SYSTEM SCIENCES,WOS:000341597600011,A comparison of three simple approaches to identify critical areas for runoff and dissolved reactive phosphorus losses,2014
94,"Sperotto, Anna|Molina, Jose-Luis|Torresan, Silvia|Critto, Andrea|Marcomini, Antonio",multiple stressors|climate change|probabilistic risk assessment|uncertainty|integrated modelling,JOURNAL OF ENVIRONMENTAL MANAGEMENT,WOS:000408784000031,Reviewing Bayesian Networks potentials for climate change impacts assessment and management: A multi-risk perspective,2017
95,"Veettil, Anoop Valiya|Mishra, Ashok K.",water scarcity|water vulnerability|blue water|green water|swat,JOURNAL OF HYDROLOGY,WOS:000388248400042,Water security assessment using blue and green water footprint concepts,2016
96,"Mateus, Marcos|Almeida, Carina|Brito, David|Neves, Ramiro",watershed modelling and management|pollution load reduction|eutrophication|water environmental capacity|land use|water resources management|ce-qual-w2 model|swat model,INTERNATIONAL JOURNAL OF ENVIRONMENTAL RESEARCH AND PUBLIC HEALTH,WOS:000334438200041,From Eutrophic to Mesotrophic: Modelling Watershed Management Scenarios to Change the Trophic Status of a Reservoir,2014
97,"Huang, Yue|Dong, Xin|Zeng, Siyu|Chen, Jining",urban wastewater system|integrated modeling|multi-objective optimization|non-dominated sorting genetic algorithm (nsga-ii),FRONTIERS OF ENVIRONMENTAL SCIENCE & ENGINEERING,WOS:000365309400010,An integrated model for structure optimization and technology screening of urban wastewater systems,2015
98,"Wu, Naicheng|Dong, Xuhui|Liu, Yang|Wang, Chao|Baattrup-Pedersen, Annette|Riis, Tenna",riverine microalgae|lotic ecosystem functions|trait-based biomonitoring|multiple stressors|global change,ECOLOGICAL INDICATORS,WOS:000417229100013,Using river microalgae as indicators for freshwater biomonitoring: Review of published research and future directions,2017
99,"Kim, Dong-Kyun|Zhang, Weitao|Hiriart-Baer, Veronique|Wellen, Christopher|Long, Tanya|Boyd, Duncan|Arhonditsis, George B.",process-based modelling|eutrophication|bayesian inference|retrospective analysis|water quality criteria|decision making,JOURNAL OF GREAT LAKES RESEARCH,WOS:000347274100008,Towards the development of integrated modelling systems in aquatic biogeochemistry: a Bayesian approach,2014
100,"Yang, Ang|Dutta, Dushmanta|Vaze, Jai|Kim, Shaun|Podger, Geoff",river basin management|river system modelling|agent-based modelling|ewater source|murray-darling basin,INTERNATIONAL JOURNAL OF RIVER BASIN MANAGEMENT,WOS:000423964400012,"An integrated modelling framework for building a daily river system model for the Murray-Darling Basin, Australia",2017
101,"Wickramasuriya, Rohan|Perez, Pascal|Huynh, Nam|Masouman, Ashkan|Barthelemy, Johan|Weber, T|McPhee, MJ|Anderssen, RS",urban planning|land use|transportation|input-output model|synthetic population,21ST INTERNATIONAL CONGRESS ON MODELLING AND SIMULATION (MODSIM2015),WOS:000410535400168,Integrated modelling to aid strategic urban and regional planning,2015
102,"Saksena, Siddharth|Merwade, Venkatesh|Dunn, CN|VanWeele, B",,"WORLD ENVIRONMENTAL AND WATER RESOURCES CONGRESS 2017: INTERNATIONAL PERSPECTIVES, HISTORY AND HERITAGE, EMERGING TECHNOLOGIES, AND STUDENT PAPERS",WOS:000405216400006,Integrated Modeling of Surface-Subsurface Processes to Understand River-Floodplain Hydrodynamics in the Upper Wabash River Basin,2017
103,"Kritana, Prueksakorn|Taehyeung, Kim|Hyeontae, Kim|Youn, Kim Ki|Wongeun, Son",airborne transmission|atmospheric dispersion model|foot-and-mouth disease virus|infection|livestock disease control|mobile application,COMPUTERS AND ELECTRONICS IN AGRICULTURE,WOS:000344436100011,Atmospheric pathway: A possibility of continuous outbreaks of foot-and-mouth disease in South Korea in 2010-2011,2014
104,"Riechel, Mathias|Matzinger, Andreas|Pawlowsky-Reusing, Erika|Sonnenberg, Hauke|Uldack, Mathias|Heinzmann, Bernd|Caradot, Nicolas|von Seggern, Doerthe|Rouault, Pascale",cso|dissolved oxygen|impact assessment|integrated modelling|mitigation measures|river spree,WATER RESEARCH,WOS:000385902000026,Impacts of combined sewer overflows on a large urban river - Understanding the effect of different management strategies,2016
105,"Nazemi, A.|Wheater, H. S.",,HYDROLOGY AND EARTH SYSTEM SCIENCES,WOS:000348929800004,On inclusion of water resource management in Earth system models - Part 2: Representation of water supply and allocation and opportunities for improved modeling,2015
106,"Larsson, Aron|Ibrahim, Osama|Tambouris, E|Panagiotopoulos, P|Saebo, O|Tarabanis, K|Wimmer, MA|Milano, M|Pardo, T",policy analysis|impact assessment|policy modelling|problem structuring|dynamic simulation|causal mapping|scenario planning|decision analysis,"ELECTRONIC PARTICIPATION, EPART 2015",WOS:000363261300011,"Modeling for Policy Formulation: Causal Mapping, Scenario Generation, and Decision Evaluation",2015
107,"Kreins, Peter|Henseler, Martin|Anter, Jano|Herrmann, Frank|Wendland, Frank",climate change|irrigation|groundwater|integrated modelling|regional modelling|agricultural production,WATER RESOURCES MANAGEMENT,WOS:000357345300008,Quantification of Climate Change Impact on Regional Agricultural Irrigation and Groundwater Demand,2015
108,"Davarzani, Hossein|Smits, Kathleen|Tolene, Ryan M.|Illangasekare, Tissa",evaporation|drying|porous media|two-phase flow|nonequilibrium|phase change,WATER RESOURCES RESEARCH,WOS:000331798800044,Study of the effect of wind speed on evaporation from soil through integrated modeling of the atmospheric boundary layer and shallow subsurface,2014
109,"Niu, Guo-Yue|Troch, Peter A.|Paniconi, Claudio|Scott, Russell L.|Durcik, Matej|Zeng, Xubin|Huxman, Travis|Goodrich, David|Pelletier, Jon",overland flow|re-infiltration|vegetation dynamics|semi-arid catchment,ECOHYDROLOGY,WOS:000334671600050,An integrated modelling framework of catchment- scale ecohydrological processes: 2. The role of water subsidy by overland flow on vegetation dynamics in a semi- arid catchment,2014
110,"Kyle, Page|Johnson, Nils|Davies, Evan|Bijl, David L.|Mouratiadou, Ioanna|Bevione, Michela|Drouet, Laurent|Fujimori, Shinichiro|Liu, Yaling|Hejazi, Mohamad",,ENVIRONMENTAL SCIENCE & TECHNOLOGY,WOS:000382805800004,"Setting the System Boundaries of ""Energy for Water"" for Integrated Modeling",2016
111,"Akdogan, Zeynep|Guven, Basak|Balcioglu, Isil",catchment hydrology|contaminant transport|modeling|nutrient loss|heavy metal distribution|swmm,FRESENIUS ENVIRONMENTAL BULLETIN,WOS:000375826700002,MODELING NUTRIENT AND HEAVY METAL TRANSPORT AT SELECTED CATCHMENTS IN THE MARMARA REGION,2016
112,"Bobojonov, Ihtiyor|Aw-Hassan, Aden",climate risk|uncertainty|drought|crop model|bio-economic model,AGRICULTURE ECOSYSTEMS & ENVIRONMENT,WOS:000336700100029,Impacts of climate change on farm income security in Central Asia: An integrated modeling approach,2014
113,"Fleskens, L.|Nainggolan, D.|Stringer, L. C.",integrated modeling|scenario analysis|spatial cost benefit analysis|land degradation mitigation|decision-making,ENVIRONMENTAL MANAGEMENT,WOS:000344387800005,An Exploration of Scenarios to Support Sustainable Land Management Using Integrated Environmental Socio-economic Models,2014
114,"Rodrigues, M.|Guerreiro, M.|David, L. M.|Oliveira, A.|Menaia, J.|Jacob, J.",coastal environment|rivers and streams|bacteria|river flow|tidal currents|waves,JOURNAL OF ENVIRONMENTAL ENGINEERING,WOS:000374868700005,"Role of Environmental Forcings on Fecal Contamination Behavior in a Small Intermittent Coastal Stream: Case Study of the Aljezur Coastal Stream, Portugal",2016
115,"Matei, Ion Viorel|Ungureanu, Laura",modeling|environmental decision making|optimization|environmental management,ENVIRONMENTAL ENGINEERING AND MANAGEMENT JOURNAL,WOS:000340483100020,SURVEY ON INTEGRATED MODELLING APPLIED IN ENVIRONMENTAL ENGINEERING AND MANAGEMENT,2014
116,"Liu, Liu|Xu, Zongxue",climate change|flood|hydrological-hydraulic coupling model|taihu|urbanization,JOURNAL OF WATER AND CLIMATE CHANGE,WOS:000355569100015,"Hydrological projections based on the coupled hydrological-hydraulic modeling in the complex river network region: a case study in the Taihu basin, China",2015
117,"Momblanch, Andrea|Paredes-Arquiola, Javier|Andreu, Joaquin",ecosystem services|freshwater provisioning|water resources management|integrated modelling|water scarcity|aquatool,ENVIRONMENTAL MODELLING & SOFTWARE,WOS:000403644700007,Improved modelling of the freshwater provisioning ecosystem service in water scarce river basins,2017
118,"Foster, Lauren M.|Bearup, Lindsay A.|Molotch, Noah P.|Brooks, Paul D.|Maxwell, Reed M.",rocky mountains|climate change|integrated modeling|snow to rain transitions|energy budget|hydrology|precipitation phase,ENVIRONMENTAL RESEARCH LETTERS,WOS:000375746800019,Energy budget increases reduce mean streamflow more than snow-rain transitions: using integrated modeling to isolate climate change impacts on Rocky Mountain hydrology,2016
119,"Sidiropoulos, P.|Mylopoulos, N.|Loukas, A.",overexploited aquifer|uncertainty analysis|stochastic|integrated simulation|restoration|water resources management,WATER RESOURCES MANAGEMENT,WOS:000347776900017,Stochastic Simulation and Management of an Over-Exploited Aquifer Using an Integrated Modeling System,2015
120,"Huang, Guoxian|Falconer, Roger A.|Boye, Brian A.|Lin, Binliang",cloud to coast (c2c)|faecal indicator organisms|river ribble|environmental exposure and health impacts|numerical modelling|quantitative microbial risk assessment (qmra),INTERNATIONAL JOURNAL OF RIVER BASIN MANAGEMENT,WOS:000212556300006,"Cloud to coast: integrated assessment of environmental exposure, health impacts and risk perceptions of faecal organisms in coastal waters",2015
121,"Blankenburg, Rene|Brckner, Friedemann|Ceranski, Helena|Mansel, Holger|Drebenstedt, C|Paul, M",pcgeofim|arcegmo|groundwater|soil water budget|coupled modeling,MINING MEETS WATER - CONFLICTS AND SOLUTIONS,WOS:000402663400190,PCGEOFIM - Integrated Modelling of Mining specific Groundwater Dynamics and Soil Water Budget,2016
122,"Zhu, Zhenduo|Oberg, Nils|Morales, Viviana M.|Quijano, Juan C.|Landry, Blake J.|Garcia, Marcelo H.",openmi|efdc|urban hydrological and hydraulic modelling,ENVIRONMENTAL MODELLING & SOFTWARE,WOS:000370885000006,"Integrated urban hydrologic and hydraulic modelling in Chicago, Illinois",2016
123,"Subagadis, Yohannes Hagos|Grundmann, Jens|Schuetze, Niels|Schmitz, Gerd H.",bayesian network|simulation-optimisation|integrated management|decision support tool|groundwater|agriculture,ENVIRONMENTAL EARTH SCIENCES,WOS:000345407000018,An integrated approach to conceptualise hydrological and socio-economic interaction for supporting management decisions of coupled groundwater-agricultural systems,2014
124,"de Bakker, Merijn P.|de Jong, Kor|Schmitz, Oliver|Kaissenberg, Derek",agent-based modelling|field-based modelling|integrated modelling|data model|map algebra|modelling language,ENVIRONMENTAL MODELLING & SOFTWARE,WOS:000393631400013,Design and demonstration of a data model to integrate agent-based and field-based modelling,2017
125,"Belete, Getachew F.|Voinov, Alexey|Laniak, Gerard F.",integrated modeling|interoperability|interfaces|wrapping|components|web services,ENVIRONMENTAL MODELLING & SOFTWARE,WOS:000389785300005,An overview of the model integration process: From pre-integration assessment to testing,2017
126,"Wagner, Michael|Seidel, Sabine J.|Werisch, Stefan|Barfus, Klemens|Schuetze, Niels",climate change|crop growth modelling|irrigation|regionalisation|stochastic crop water production function,HYDROLOGIE UND WASSERBEWIRTSCHAFTUNG,WOS:000370832200003,Integrated modelling of water supply and water demand using the example of irrigation farming in Saxony,2016
127,"Little, John C.|Hester, Erich T.|Carey, Cayelan C.",,ENVIRONMENTAL SCIENCE & TECHNOLOGY,WOS:000379366300031,Assessing and Enhancing Environmental Sustainability: A Conceptual Review,2016
128,"Mazzega, Pierre|Therond, Olivier|Debril, Thomas|March, Hug|Sibertin-Blanc, Christophe|Lardy, Romain|Sant'ana, Daniel",multi-level governance|integrated modelling|collective choice arena|decision-making|scenario|low-water management,JOURNAL OF HYDROLOGY,WOS:000347595000014,Critical multi-level governance issues of integrated modelling: An example of low-water management in the Adour-Garonne basin (France),2014
129,"Schuetze, Niels|Stange, Peter|Griessbach, Ulrike|Roehm, Patric|Wagner, Michael",integrated modelling|irrigation|safe yields|saphir|stochastic methods|water demand|water productivity,HYDROLOGIE UND WASSERBEWIRTSCHAFTUNG,WOS:000370832200002,Integrated modelling and optimisation of irrigation systems at the field and catchment scale with limited water resources,2016
130,"Li, Sen|Juhasz-Horvath, Linda|Pedde, Simona|Pinter, Laszlo|Rounsevell, Mark D. A.|Harrison, Paula A.",integrated modelling|urban land cover change|population distribution|integrated socioeconomic and climate change scenarios|stakeholder|hungary,ENVIRONMENTAL MODELLING & SOFTWARE,WOS:000408356600021,Integrated modelling of urban spatial development under uncertain climate futures: A case study in Hungary,2017
131,"Yeluripati, Jagadeesh B.|del Prado, Agustin|Sanz-Cobena, Alberto|Rees, Robert M.|Li, Changsheng|Chadwick, Dave|Tilston, Emma|Topp, Cairistiona F. E.|Cardenas, Laura M.|Ingraham, Pete|Gilhespy, Sarah|Anthony, Steven|Vetter, Sylvia H.|Misselbrook, Tom|Salas, William|Smith, Pete",biogeochemical modelling|integrated modelling platform|unified modelling approach|climate change|ecosystems|greenhouse gas emissions,COMPUTERS AND ELECTRONICS IN AGRICULTURE,WOS:000350942800014,Global Research Alliance Modelling Platform (GRAMP): An open web platform for modelling greenhouse gas emissions from agro-ecosystems,2015
132,"Xiao, Fei|Wong, Man Sing|Lee, Kwon Ho|Campbell, James R.|Shea, Yu-kai",dust storms|integrated modeling|neural network|reverse absorption|satellite imagery|trajectory model,COMPUTERS & GEOSCIENCES,WOS:000365051200011,Retrieval of dust storm aerosols using an integrated Neural Network model,2015
133,"Seixas, J.|Simoes, S.|Dias, L.|Kanudia, A.|Fortes, P.|Gargiulo, M.",electric vehicles|optimization|technology costs|co2 emissions|european countries,ENERGY POLICY,WOS:000351978000016,Assessing the cost-effectiveness of electric vehicles in European countries using integrated modeling,2015
134,"Reis, Stefan|Seto, Edmund|Northcross, Amanda|Quinn, Nigel W. T.|Convertino, Matteo|Jones, Rod L.|Maier, Holger R.|Schlink, Uwe|Steinle, Susanne|Vieno, Massimo|Wimberly, Michael C.",integrated modelling|environmental sensors|population health|environmental health|big data,ENVIRONMENTAL MODELLING & SOFTWARE,WOS:000364274400019,Integrating modelling and smart sensors for environmental and human health,2015
135,"Baki, S.|Makropoulos, C.|Giustolisi, O|Brunone, B|Laucelli, D|Berardi, L|Campisano, A",energy footprint|energy recovery|intervention assessment|renewable energy generation|urban water systems|water supply|water-energy nexus,16TH WATER DISTRIBUTION SYSTEM ANALYSIS CONFERENCE (WDSA2014): URBAN WATER HYDROINFORMATICS AND STRATEGIC PLANNING,WOS:000369528900076,Tools for Energy Footprint Assessment in Urban Water Systems,2014
136,"Sheykhi, Vahideh|Moore, Farid|Kavousi-Fard, Abdollah|Keshavarzi, Behnan|Bikineh, Elham",ghare-bagh drainage|mkhoa|spatial data analysis|swarm intelligence technique|toxic metal,INTERNATIONAL JOURNAL OF RIVER BASIN MANAGEMENT,WOS:000423964400009,"Integrated modelling with environmental parameters for aquatic system assessment: a case study on the Ghare-Bagh drainage, Iran",2017
137,"Matechou, Eleni|Nicholls, Geoff K.|Morgan, Byron J. T.|Collazo, Jaime A.|Lyons, James E.",capture-recapture-resight data sets|integrated modelling|mixture models|reversible jump|semipalmated sandpipers|stopover data,ENVIRONMENTAL AND ECOLOGICAL STATISTICS,WOS:000387424200003,Bayesian analysis of Jolly-Seber type models,2016
138,"Rauch, W.|Urich, C.|Bach, P. M.|Rogers, B. C.|de Haan, F. J.|Brown, R. R.|Mair, M.|McCarthy, D. T.|Kleidorfer, M.|Sitzenfrei, R.|Deletic, A.",integrated modelling|transition|urban drainage|urban water management|exploratory modelling|flexible design,WATER RESEARCH,WOS:000414818700049,Modelling transitions in urban water systems,2017
139,"Thorndahl, Soren|Balling, Jonas Dueholm|Larsen, Uffe Bay Bogh",groundwater infiltration|sewer networks|integrated modelling,HYDROLOGICAL PROCESSES,WOS:000383466900009,Analysis and integrated modelling of groundwater infiltration to sewer networks,2016
140,"North, Michael J.|Murphy, John T.|Sydelko, Pam|Martinez-Moyano, Ignacio|Sallach, David L.|Macal, Charles M.",,2015 WINTER SIMULATION CONFERENCE (WSC),WOS:000399133902032,INTEGRATED MODELING OF CONFLICT AND ENERGY,2015
141,"Shortridge, Julie|Guikema, Seth|Zaitchik, Ben",,CLIMATIC CHANGE,WOS:000392425900016,Robust decision making in data scarce contexts: addressing data and model limitations for infrastructure planning under transient climate change,2017
142,"Dunford, R.|Harrison, P. A.|Jaeger, J.|Rounsevell, M. D. A.|Tinch, R.",,CLIMATIC CHANGE,WOS:000348802400013,Exploring climate change vulnerability across sectors and scenarios using indicators of impacts and coping capacity,2015
143,"He, Xin|Stisen, Simon|Wiese, Marianne B.|Henriksen, Hans Jorgen",real-time modeling|national hydrologicalmodel|integrated modeling|stakeholder engagement,WATER RESOURCES MANAGEMENT,WOS:000373395500013,Designing a Hydrological Real-Time System for Surface Water and Groundwater in Denmark with Engagement of Stakeholders,2016
144,"Collet, Lila|Ruelland, Denis|Estupina, Valerie Borrell|Dezetter, Alain|Servat, Eric",climate variability|integrated modelling|prospective scenarios|river herault|sustainability indicators|water uses,SCIENCE OF THE TOTAL ENVIRONMENT,WOS:000361189800063,Water supply sustainability and adaptation strategies under anthropogenic and climatic changes of a meso-scale Mediterranean catchment,2015
145,"Talati, Shuchi|Zhai, Haibo|Kyle, G. Page|Morgan, M. Granger|Patel, Pralit|Liu, Lu",,ENVIRONMENTAL SCIENCE & TECHNOLOGY,WOS:000388155000005,"Consumptive Water Use from Electricity Generation in the Southwest under Alternative Climate, Technology, and Policy Futures",2016
146,"Gerboni, Raffaella|Grosso, Daniele|Carpignano, Andrea|Chiara, Bruno Dalla",energy modelling|transport modelling|energy consumption|travel distances|modal shift|optimisation,ENERGY POLICY,WOS:000415779700034,Linking energy and transport models to support policy making,2017
147,"Voisin, Nathalie|Hejazi, Mohamad I.|Leung, L. Ruby|Liu, Lu|Huang, Maoyi|Li, Hong-Yi|Tesfa, Teklu",earth system model|integrated assessment model|withdrawals and consumptive use|sectoral water management|groundwater|surface water allocation,WATER RESOURCES RESEARCH,WOS:000403712100043,Effects of spatially distributed sectoral water management on the redistribution of water resources in an integrated water model,2017
148,"Han, Bangshuai|Benner, Shawn G.|Bolte, John P.|Vache, Kellie B.|Flores, Alejandro N.",,HYDROLOGY AND EARTH SYSTEM SCIENCES,WOS:000405866700002,Coupling biophysical processes and water rights to simulate spatially distributed water use in an intensively managed hydrologic system,2017
149,"Vaghefi, S. Ashraf|Mousavi, S. J.|Abbaspour, K. C.|Srinivasan, R.|Arnold, J. R.",hydrologic modeling|climate change adaptation|swat|modsim,REGIONAL ENVIRONMENTAL CHANGE,WOS:000350310400005,Integration of hydrologic and water allocation models in basin-scale water resources management considering crop pattern and climate change: Karkheh River Basin in Iran,2015
150,"Modrick, Theresa M.|Georgakakos, Konstantine P.",flash flooding|climate change|soil moisture|precipitation|distributed hydrologic modeling,JOURNAL OF HYDROLOGY-REGIONAL STUDIES,WOS:000436600400015,The character and causes of flash flood occurrence changes in mountainous small basins of Southern California under projected climatic change,2015
151,"Abdul-Wahab, Sabah|Al-Rawas, Ghazi|Ali, Sappurd|Fadlallah, Sulaiman|Al-Dhamri, Hilal",calpuff|wrf|carbon dioxide|cement plant|emission factors,CLEAN TECHNOLOGIES AND ENVIRONMENTAL POLICY,WOS:000405298500004,Atmospheric dispersion modeling of CO2 emissions from a cement plant's sources,2017
152,"An, Hyunuk|Yu, Soonyoung",surface|subsurface interaction|integrated modeling|finite volume model|coordinate transformation method|topographical effects,WATER RESOURCES RESEARCH,WOS:000334111600027,Finite volume integrated surface- subsurface flow modeling on nonorthogonal grids,2014
153,"Nikiforakis, I. K.|Stamou, A. I.|Christodoulou, G. C.",desalination|brine discharges|near-field models|far-field models|integrated models,ENVIRONMENTAL FLUID MECHANICS,WOS:000410853200004,Integrated modeling of single port brine discharges into unstratified stagnant ambient,2017
154,"Meng, Fanlin|Fu, Guangtao|Butler, David",integrated modelling|multi-objective optimisation|stakeholder engagement|urban wastewater system|water quality permitting,WATER RESEARCH,WOS:000381169400013,Water quality permitting: From end-of-pipe to operational strategies,2016
155,"Strokal, Maryna|Ma, Lin|Bai, Zhaohai|Luan, Shengji|Kroeze, Carolien|Oenema, Oene|Velthof, Gerard|Zhang, Fusuo",nutrient pollution|rivers|agricultural transitions|china|integrated modeling,ENVIRONMENTAL RESEARCH LETTERS,WOS:000371488300016,Alarming nutrient pollution of Chinese rivers as a result of agricultural transitions,2016
156,"Hammill, Mike O.|Stenson, Garry B.|Doniol-Valcroze, Thomas|Mosnier, Arnaud",harp seal|harvesting|integrated modeling|population dynamics|management|density-dependence|climate change,BIOLOGICAL CONSERVATION,WOS:000366540600021,"Conservation of northwest Atlantic harp seals: Past success, future uncertainty?",2015
157,"Phan, Thuc D.|Smart, James C. R.|Capon, Samantha J.|Hadwen, Wade L.|Sahin, Oz",bayesian belief networks|climate change|dynamically complex system|integrated modelling framework|spatial geographic distributions,ENVIRONMENTAL MODELLING & SOFTWARE,WOS:000385595800008,Applications of Bayesian belief networks in water resource management: A systematic review,2016
158,"Harpham, Quillon",environmental modeling|hydro-meteorology|model integration|metadata|standards,ENVIRONMENTAL MODELLING & SOFTWARE,WOS:000361906900022,Using a Model MAP to prepare hydro-meteorological models for generic use,2015
159,"Bulatewicz, T.|Andresen, D.|Auvenshine, S.|Peterson, J.|Steward, D. R.",openmi|data management|web services|integrated modeling,ENVIRONMENTAL MODELLING & SOFTWARE,WOS:000337654100014,A distributed data component for the Open Modeling Interface,2014
160,"Markovich, Katherine H.|Maxwell, Reed M.|Fogg, Graham E.",hydrogeology|climate change|integrated modelling|snowmelt dominated,HYDROLOGICAL PROCESSES,WOS:000383466900002,Hydrogeological response to climate change in alpine hillslopes,2016
161,"Xiao, Dacheng|Jia, Haifeng|Wang, Zheng",decision support system|hydrodynamic and water quality simulation|drinking water security|scenario analysis|tidal river|efdc|wasp,JOURNAL OF THE AMERICAN WATER RESOURCES ASSOCIATION,WOS:000356814300005,"Modeling Megacity Drinking Water Security under a DSS Framework in a Tidal River at the North Pearl River Delta, China",2015
162,"Wu, Lei|Qiao, Shanshan|Liu, Xia",modified dynamic model|water-sediment-adsorbed nps pollution|distributed coupling effects|soil and water conservation|loess plateau,FRESENIUS ENVIRONMENTAL BULLETIN,WOS:000419539900025,A MODIFIED GIS-BASED WATER-SEDIMENT-ADSORBED PHOSPHORUS COUPLING MODEL AND ITS APPLICATION IN A TYPICAL WATERSHED OF SEMIARID REGIONS,2017
163,"Haas, J.|Olivares, M. A.|Palma-Behnke, R.",subdaily hydrologic alteration|variable renewable energy|hydropeaking|wind power|hydrothermal coordination|reservoir operation,JOURNAL OF ENVIRONMENTAL MANAGEMENT,WOS:000352671500022,Grid-wide subdaily hydrologic alteration under massive wind power penetration in Chile,2015
164,"Li, Na|Wang, Xiaojun|Shi, Minjun|Yang, Hong",,SUSTAINABILITY,WOS:000351843400059,Economic Impacts of Total Water Use Control in the Heihe River Basin in Northwestern China-An Integrated CGE-BEM Modeling Approach,2015
165,"Clarke, Neville|Bizimana, Jean-Claude|Dile, Yihun|Worqlul, Abeyou|Osorio, Javier|Herbst, Brian|Richardson, James W.|Srinivasan, Raghavan|Gerik, Thomas J.|Williams, Jimmy|Jones, Charles A.|Jeong, Jaehak",idss|swat|apex|farmsim|small-scale water management interventions|environmental sustainability,AGRICULTURAL WATER MANAGEMENT,WOS:000390743500008,Evaluation of new farming technologies in Ethiopia using the Integrated Decision Support System (IDSS),2017
166,"Farjad, Babak|Pooyandeh, Majeed|Gupta, Anil|Motamedi, Mohammad|Marceau, Danielle",river basin management|integrated modelling system|land-use change|climate change|watershed modelling|hydrological modelling|socio-hydrology,SUSTAINABILITY,WOS:000416793400102,"Modelling Interactions between Land Use, Climate, and Hydrology along with Stakeholders' Negotiation for Water Resources Management",2017
167,"Proctor, Abigael H.|King, Catherine K.|Holan, Jessica R.|Wotherspoon, Simon J.",,ENVIRONMENTAL SCIENCE & TECHNOLOGY,WOS:000404087400070,Integrated Modeling of Survival Data from Multiple Stressor Ecotoxicology Experiments,2017
168,"Sitzenfrei, R.|Rauch, W.",coupled model|hydraulic modelling|integrated modelling|low flow conditions|water reduction,WATER SCIENCE AND TECHNOLOGY,WOS:000346388700013,Integrated hydraulic modelling of water supply and urban drainage networks for assessment of decentralized options,2014
169,"Cheng, Su-Ting|Wiley, Michael J.",stream/water temperature modeling|integrated modeling|energy/heat balance|climate change|hydrology|muskegon river,ENVIRONMENTAL MODELLING & SOFTWARE,WOS:000378954000021,A Reduced Parameter Stream Temperature Model (RPSTM) for basin-wide simulations,2016
170,"Yang, Huicai|Wang, Guoqiang|Jiang, Hong|Fang, Huaiyang|Ishidaira, Hiroshi",soil erosion|land use|rainfall|simulation|sediment transport|soil erosion|land-use change|rainfall simulation|yamanashi hydrological model,JOURNAL OF HYDROLOGIC ENGINEERING,WOS:000354547700003,Integrated Modeling Approach to the Response of Soil Erosion and Sediment Export to Land-Use Change at the Basin Scale,2015
171,"Hadjimichael, Antonia|Morera, Serni|Benedetti, Lorenzo|Flameling, Tony|Corominas, Lluis|Weijers, Stefan|Comas, Joaquim",,ENVIRONMENTAL SCIENCE & TECHNOLOGY,WOS:000389557100004,"Assessing Urban Wastewater System Upgrades Using Integrated Modeling, Life Cycle Analysis, and Shadow Pricing",2016
172,"Lee, Ju Yeon|Kang, Hyoung Seok|Noh, Sang Do",sustainable manufacturing|manufacturing sustainability|sustainability indicator|life cycle evaluation|modeling|simulation,JOURNAL OF CLEANER PRODUCTION,WOS:000332356300018,MAS(2): an integrated modeling and simulation-based life cycle evaluation approach for sustainable manufacturing,2014
173,"Pulido-Velazquez, M.|Pena-Haro, S.|Garcia-Prats, A.|Mocholi-Almudever, A. F.|Henriquez-Dole, L.|Macian-Sorribes, H.|Lopez-Nicolas, A.",,HYDROLOGY AND EARTH SYSTEM SCIENCES,WOS:000353877000006,Integrated assessment of the impact of climate and land use changes on groundwater quantity and quality in the Mancha Oriental system (Spain),2015
174,"Hilty, Lorenz M.|Aebischer, Bernard|Rizzoli, Andrea E.",,ENVIRONMENTAL MODELLING & SOFTWARE,WOS:000337555500001,Modeling and evaluating the sustainability of smart solutions,2014
175,"Urich, Christian|Rauch, Wolfgang",deep uncertainties|integrated modelling|robust decision making|urban drainage|strategic planning|urban water management,WATER RESEARCH,WOS:000344823500034,Exploring critical pathways for urban water management to identify robust strategies under deep uncertainties,2014
176,"Zhang, Xiaodong|Vesselinov, Velimir V.",water-energy-food nexus|socioeconomic demands|environmental impacts|modeling|optimal management|ghg emission control,ADVANCES IN WATER RESOURCES,WOS:000395853600001,"Integrated modeling approach for optimal management of water, energy and food security nexus",2017
177,"Rossetto, Rudy|De Filippis, Giovanna|Borsi, Iacopo|Foglia, Laura|Cannata, Massimiliano|Criollo, Rotman|Vasquez-Sune, Enric",freewat|gis|open source|participatory approach|groundwater management,ACQUE SOTTERRANEE-ITALIAN JOURNAL OF GROUNDWATER,WOS:000424994700002,Spatial analysis and simulation tools for groundwater management: the FREEWAT platform,2017
178,"Behzadian, K.|Kapelan, Z.|Venkatesh, G.|Brattebo, H.|Saegrov, S.|Rozos, E.|Makropoulos, C.|Ugarelli, R.|Milina, J.|Hem, L.|Brunone, B|Giustolisi, O|Ferrante, M|Laucelli, D|Meniconi, S|Berardi, L|Campisano, A",urban water system|simulation|watermet(2)|performance|criteria|strategy|mcda,"12TH INTERNATIONAL CONFERENCE ON COMPUTING AND CONTROL FOR THE WATER INDUSTRY, CCWI2013",WOS:000341500600014,Urban water system metabolism assessment using WaterMet(2) model,2014
179,"Wu, Xin|Zheng, Yi|Wu, Bin|Tian, Yong|Han, Feng|Zheng, Chunmiao",irrigation|water diversion|integrated surface water-groundwater modeling|surrogate modeling|optimization|heihe river basin,AGRICULTURAL WATER MANAGEMENT,WOS:000365376400036,Optimizing conjunctive use of surface water and groundwater for irrigation to address human-nature water conflicts: A surrogate modeling approach,2016
180,"Zhou, Y.|Li, Y. P.|Huang, G. H.",air pollution control|fuzzy programming|management|municipal energy system|policy analysis|uncertainty,JOURNAL OF CLEANER PRODUCTION,WOS:000337860300015,"Integrated modeling approach for sustainable municipal energy system planning and management - A case study of Shenzhen, China",2014
181,"Vogl, Adrian L.|Bryant, Benjamin P.|Hunink, Johannes E.|Wolny, Stacie|Apse, Colin|Droogers, Peter",water fund|integrated modelling|valuation|swat|rios|sustainable land management,JOURNAL OF ENVIRONMENTAL MANAGEMENT,WOS:000401689300010,"Valuing investments in sustainable land management in the Upper Tana River basin, Kenya",2017
182,"Peters-Lidard, Christa D.|Kemp, Eric M.|Matsui, Toshihisa|Santanello, Joseph A.|Kumar, Sujay V.|Jacob, Jossy P.|Clune, Thomas|Tao, Wei-Kuo|Chin, Mian|Hou, Arthur|Case, Jonathan L.|Kim, Dongchul|Kim, Kyu-Myong|Lau, William|Liu, Yuqiong|Shi, Jainn|Starr, David|Tan, Qian|Tao, Zhining|Zaitchik, Benjamin F.|Zavodsky, Bradley|Zhang, Sara Q.|Zupanski, Milija",earth system modeling|aerosols|clouds|precipitation|land surface modeling|satellites|high performance computing|frameworks|interoperability|earth system studies,ENVIRONMENTAL MODELLING & SOFTWARE,WOS:000351978500013,"Integrated modeling of aerosol, cloud, precipitation and land processes at satellite-resolved scales",2015
183,"Hamilton, Serena H.|ElSawah, Sondoss|Guillaume, Joseph H. A.|Jakeman, Anthony J.|Pierce, Suzanne A.",integration|integrated assessment|dimensions|integrated models|environmental modelling|integrated modeling,ENVIRONMENTAL MODELLING & SOFTWARE,WOS:000349429800018,Integrated assessment and modelling: Overview and synthesis of salient dimensions,2015
184,"Deenapanray, Prakash N. K.|Bassi, Andrea M.",system dynamics modeling|integrated policy planning|sustainable development|mauritius strategy|sids,NATURAL RESOURCES FORUM,WOS:000331463100006,The experience of ISLANDS in deploying system dynamics modeling as an integrated policy tool,2014
185,"Alam, Md Jahangir|Korn, Alistair|Hardy, Matthew|Weber, T|McPhee, MJ|Anderssen, RS",environmental flow|water sharing|river operation|source ims|murray-darling basin,21ST INTERNATIONAL CONGRESS ON MODELLING AND SIMULATION (MODSIM2015),WOS:000410535400364,"Investigating environmental watering options using Source IMS: a case study - the River Murray, Australia",2015
186,"Hong, Yi|Bonhomme, Celine|Chebbo, Ghassan",urban stormwater modelling|urban water quality|2d|1d modelling|physically-based model|spatially distributed model|trex model|canoe model|integrated modelling,WATER,WOS:000392480200059,"Development and Assessment of the Physically-Based 2D/1D Model ""TRENOE"" for Urban Stormwater Quantity and Quality Modelling",2016
187,"Shrestha, Narayan Kumar|Leta, Olkeba Tolessa|De Fraine, Bruno|Garcia-Armisen, Tamara|Ouattara, Nouho Koffi|Servais, Pierre|van Griensven, Ann|Bauwens, Willy",e. coli|integrated modelling|openmi|river zenne|wfd,JOURNAL OF HYDROINFORMATICS,WOS:000333684400009,Modelling Escherichia coli dynamics in the river Zenne (Belgium) using an OpenMI based integrated model,2014
188,"Estes, Maurice G.|Al-Hamdan, Mohammad Z.|Ellis, Jean T.|Judd, Chaeli|Woodruff, Dana|Thom, Ronald M.|Quattrochi, Dale|Watson, Brian|Rodriguez, Hugo|Johnson, Hoyt|Herder, Tom",land use|hydrologic|aquatic|ecosystem|modeling|mobile bay|gulf of mexico,JOURNAL OF THE AMERICAN WATER RESOURCES ASSOCIATION,WOS:000352789900015,A MODELING SYSTEM TO ASSESS LAND COVER LAND USE CHANGE EFFECTS ON SAV HABITAT IN THE MOBILE BAY ESTUARY,2015
189,"Ahn, So Ra|Jeong, Jae Hak|Kim, Seong Joon",swat|modsim|climate change|agricultural water supply capacity|water balance analysis|irrigation facilities,HYDROLOGICAL SCIENCES JOURNAL-JOURNAL DES SCIENCES HYDROLOGIQUES,WOS:000386425400008,"Assessing drought threats to agricultural water supplies under climate change by combining the SWAT and MODSIM models for the Geum River basin, South Korea",2016
190,"Mitter, Hermine|Schmid, Erwin|Sinabell, Franz",climate change impact|adaptation|soybean|epic|common agricultural policy|land use,CLIMATE RESEARCH,WOS:000369420900014,Integrated modelling of protein crop production responses to climate change and agricultural policy scenarios in Austria,2015
191,"Karim, Fazlul|Dutta, Dushmanta|Marvanek, Steve|Petheram, Cuan|Ticehurst, Catherine|Lerata, Julien|Kim, Shaun|Yang, Ang",connectivity|floods|hydrodynamic modelling|mike 21|modis|ecology,JOURNAL OF HYDROLOGY,WOS:000350920200007,Assessing the impacts of climate change and dams on floodplain inundation and wetland connectivity in the wet-dry tropics of northern Australia,2015
192,"Niu, Guo-Yue|Paniconi, Claudio|Troch, Peter A.|Scott, Russell L.|Durcik, Matej|Zeng, Xubin|Huxman, Travis|Goodrich, David C.",coupling|physically-based hydrological model|land surface model|ecohydrological model|snowmelt runoff,ECOHYDROLOGY,WOS:000334671600021,An integrated modelling framework of catchment- scale ecohydrological processes: 1. Model description and tests over an energy- limited watershed,2014
193,"Maurer, Thomas|Gerke, Horst H.",,VADOSE ZONE JOURNAL,WOS:000391142300001,Processes and Modeling of Initial Soil and Landscape Development: A Review,2016
194,"Condon, Laura E.|Maxwell, Reed M.",water management|integrated modeling|scaling|temporal dynamics,ENVIRONMENTAL RESEARCH LETTERS,WOS:000334068000012,Groundwater-fed irrigation impacts spatially distributed temporal scaling behavior of the natural system: a spatio-temporal framework for understanding water management impacts,2014
195,"Strehmel, Alexander|Schoenbrodt-Stitt, Sarah|Buzzo, Giovanni|Dumperth, Christian|Stumpf, Felix|Zimmermann, Karsten|Bieger, Katrin|Behrens, Thorsten|Schmidt, Karsten|Bi, Renneng|Rohn, Joachim|Hill, Joachim|Udelhoven, Thomas|Xiang, Wei|Shi, Xuezheng|Cai, Qinghua|Jiang, Tong|Fohrer, Nicola|Scholten, Thomas",three gorges reservoir region|land-use change|soil erosion|landslides|diffuse matter inputs|integrated modeling,ENVIRONMENTAL EARTH SCIENCES,WOS:000360537700027,Assessment of geo-hazards in a rapidly changing landscape: the three Gorges Reservoir Region in China,2015
196,"Dias, Daniela|Tchepel, Oxana|Antunes, Antonio Pais",low emission zones|traffic-related air pollution|transportation modelling|emissions modelling|air quality modelling|impact evaluation,JOURNAL OF ENVIRONMENTAL MANAGEMENT,WOS:000376805300029,Integrated modelling approach for the evaluation of low emission zones,2016
197,"Positano, Pio|Nannucci, Marco",follonica|scarlino|numerical modeling|participatory approach|swot analysis,ACQUE SOTTERRANEE-ITALIAN JOURNAL OF GROUNDWATER,WOS:000424994700004,The H2020 FREEWAT participated approach for the Follonica-Scarlino aquifer case study. A common space to generate shared knowledge on the value of water,2017
198,"Hong, Yi|Bonhomme, Celine|Van den Bout, Bastian|Jetten, Victor|Chebbo, Ghassan",integrated modelling|traffic-related pollutants|spatially-distributed modelling|openlisem|swmm|urban stormwater,ENVIRONMENTAL MODELLING & SOFTWARE,WOS:000408356600014,"Integrating atmospheric deposition, soil erosion and sewer transport models to assess the transfer of traffic-related pollutants in urban areas",2017
199,"Yue, Peng|Zhang, Mingda|Tan, Zhenyu",geoprocessing workflow|geospatial services|integrated modelling|event|openmi|gis,ENVIRONMENTAL MODELLING & SOFTWARE,WOS:000356548800011,A geoprocessing workflow system for environmental monitoring and integrated modelling,2015
200,"Schandl, Heinz|Hatfield-Dodds, Steve|Wiedmann, Thomas|Geschke, Arne|Cai, Yiyong|West, James|Newth, David|Baynes, Tim|Lenzen, Manfred|Owen, Anne",decoupling|economic development|material and energy use|carbon emissions|footprint|integrated modelling,JOURNAL OF CLEANER PRODUCTION,WOS:000380624400004,"Decoupling global environmental pressure and economic growth: scenarios for energy use, materials use and carbon emissions",2016
201,"Abdul-Wahab, Sabah A.|Al-Rawas, Ghazi A.|Ali, Sappurd|Al-Dhamri, Hilal",carbon dioxide|cement plant|calpuff|wrf|emission factors,ENVIRONMENTAL FORENSICS,WOS:000386681600006,Assessment of greenhouse CO2 emissions associated with the cement manufacturing process,2016
202,"Santoro, Mattia|Nativi, Stefano|Mazzetti, Paolo",business process|brokering|interoperability|geoss|model web,ENVIRONMENTAL MODELLING & SOFTWARE,WOS:000385595200002,Contributing to the GEO Model Web implementation: A brokering service for business processes,2016
203,"Jiang, Peishi|Elag, Mostafa|Kumar, Praveen|Peckham, Scott Dale|Marini, Luigi|Rui, Liu",integrated modeling|service-oriented architecture|the basic model interface|emeli-web,ENVIRONMENTAL MODELLING & SOFTWARE,WOS:000401110400008,A service-oriented architecture for coupling web service models using the Basic Model Interface (BMI),2017
204,"Chong, Natalie|Bach, Peter M.|Moilleron, Regis|Bonhomme, Celine|Deroubaix, Jose-Frederic",boundary organisation|environmental decision-making|integrated modelling|knowledge brokering|model usability|strategic planning,WATER,WOS:000419225500075,Use and Utility: Exploring the Diversity and Design of Water Models at the Science-Policy Interface,2017
205,"Lai, Y. C.|Chien, C. C.|Yang, Z. H.|Surampalli, Rao Y.|Kao, C. M.",ammonia|electric conductivity (ec)|river water quality|suspended solid (ss)|water quality index (wqi5),WATER ENVIRONMENT RESEARCH,WOS:000397300200007,Developing an Integrated Modeling Tool for River Water Quality Index Assessment,2017
206,"Eum, Hyung-Il|Dibike, Yonas|Prowse, Terry",land-cover|climate change|hydrologic regime|muskeg river basin|vic model,JOURNAL OF HYDROLOGY-REGIONAL STUDIES,WOS:000407358500014,"Comparative evaluation of the effects of climate and land-cover changes on hydrologic responses of the Muskeg River, Alberta, Canada",2016
207,"van Daal-Rombouts, Petra|Sun, Siao|Langeveld, Jeroen|Bertrand-Krajewski, Jean-Luc|Clemens, Francois",calibration|conceptual models|full hydrodynamic models|integrated modelling|monitoring|urban drainage systems,JOURNAL OF HYDROLOGY,WOS:000378360600049,Design and performance evaluation of a simplified dynamic model for combined sewer overflows in pumped sewer systems,2016
208,"Ha Ngoc Hien, |Bui Huy Hoang, |Tran Thi Huong, |Tran Thanh Than, |Pham Thi Thu Ha, |Ta Dang Toan, |Nguyen Minh Son, ",water quality modeling|climate change scenarios|integrated modeling system|runoff|pollution transport,ENVIRONMENTAL MODELING & ASSESSMENT,WOS:000371612600008,"Study of the Climate Change Impacts on Water Quality in the Upstream Portion of the Cau River Basin, Vietnam",2016
209,"Abdul-Wahab, S. A.|Al-Hajri, A.|Yetilmezsoy, K.",calpuff|dispersion|landfill|modeling|non-methane organic compounds,INTERNATIONAL JOURNAL OF ENVIRONMENTAL SCIENCE AND TECHNOLOGY,WOS:000372199500011,Impact of the ambient air quality due to the dispersion of non-methane organic compounds from Barka Landfill,2016
210,"Hao, Lu|Sun, Ge|Liu, Yongqiang|Qian, Hong",climate change|hydrological modeling|water demand and supply|integrated water management,JOURNAL OF THE AMERICAN WATER RESOURCES ASSOCIATION,WOS:000356814300006,"Integrated Modeling of Water Supply and Demand under Management Options and Climate Change Scenarios in Chifeng City, China",2015
211,"Milano, Marianne|Reynard, Emmanuel|Koplin, Nina|Weingartner, Rolf",climate scenarios|anthropogenic changes|water stress|regional overview|mountain environment|western switzerland,SCIENCE OF THE TOTAL ENVIRONMENT,WOS:000361189800002,Climatic and anthropogenic changes in Western Switzerland: Impacts on water stress,2015
212,"Han, Jing-Cheng|Huang, Guohe|Huang, Yuefei|Zhang, Hua|Li, Zhong|Chen, Qiuwen",rainfall intensity|surface runoff|scale|modeling efficiency|uncertainty|three gorges reservoir,SCIENCE OF THE TOTAL ENVIRONMENT,WOS:000355010400002,Chance-constrained overland flow modeling for improving conceptual distributed hydrologic simulations based on scaling representation of sub-daily rainfall variability,2015
213,"Parkinson, Simon C.|Djilali, Ned|Krey, Volker|Fricko, Oliver|Johnson, Nils|Khan, Zarrar|Sedraoui, Khaled|Almasoud, Abdulrahman H.",,ENVIRONMENTAL SCIENCE & TECHNOLOGY,WOS:000370454200004,Impacts of Groundwater Constraints on Saudi Arabia's Low-Carbon Electricity Supply Strategy,2016
214,"Summers, David M.|Bryan, Brett A.|Meyer, Wayne S.|Lyle, Greg|Wells, Sam|McLean, Josie|Moon, Travis|van Gaans, Greg|Siebentritt, Mark",community-based natural resource management (nrm)|decision support system|ecosystem services|regional analysis|scenario|integrated assessment,ENVIRONMENTAL MODELLING & SOFTWARE,WOS:000347362900017,Simple models for managing complex social-ecological systems: The Landscape Futures Analysis Tool (LFAT),2015
215,"Fallah-Shorshani, Masoud|Shekarrizfard, Maryam|Hatzopoulou, Marianne",dispersion modelling|street canyon|gaussian model|hybrid model|sirane|calpuff|traffic emissions,ATMOSPHERIC ENVIRONMENT,WOS:000395354400003,Integrating a street-canyon model with a regional Gaussian dispersion model for improved characterisation of near-road air pollution,2017
216,"Gamvroudis, C.|Dokou, Z.|Nikolaidis, N. P.|Karatzas, G. P.",surface-groundwater interaction|swat|ptc|climate change|river desiccation|hydrologic drought,ENVIRONMENTAL EARTH SCIENCES,WOS:000403434600004,Impacts of surface and groundwater variability response to future climate change scenarios in a large Mediterranean watershed,2017
217,"Condon, Laura E.|Hering, Amanda S.|Maxwell, Reed M.",groundwater|integrated modeling|multi-model regression,ADVANCES IN WATER RESOURCES,WOS:000357742600009,Quantitative assessment of groundwater controls across major US river basins using a multi-model regression algorithm,2015
218,"Xu, Jianhua|Chen, Yaning|Bai, Ling|Xu, Yiwen",,HYDROLOGY AND EARTH SYSTEM SCIENCES,WOS:000377856100009,A hybrid model to simulate the annual runoff of the Kaidu River in northwest China,2016
219,"Barthel, Roland|Seidl, Roman|Nickel, Darla|Buettner, Hannah",participatory modeling|global change|decision support|integrated modeling|regional scale|upper danube catchment|danubia|glowa-danube|water resources|water supply,REGIONAL ENVIRONMENTAL CHANGE,WOS:000381212500005,Global change impacts on the Upper Danube Catchment (Central Europe): a study of participatory modeling,2016
220,"Honti, Mark|Schuwirth, Nele|Rieckermann, Jorg|Stamm, Christian",,HYDROLOGY AND EARTH SYSTEM SCIENCES,WOS:000396741400001,Can integrative catchment management mitigate future water quality issues caused by climate change and socio-economic development?,2017
221,"Fabre, J.|Collet, L.|Milano, M.|Ruelland, D.|Dezetter, A.|Ardoin-Bardin, S.|Servat, E.|Daniell, TM|VanLanen, HAJ|Demuth, S|Laaha, G|Servat, E|Mahe, G|Boyer, JF|Paturel, JM|Dezetter, A|Ruelland, D",integrated modelling|river ebro|river herault|water supply|water demand|water demand satisfaction,HYDROLOGY IN A CHANGING WORLD: ENVIRONMENTAL AND HUMAN DIMENSIONS,WOS:000357968600033,Assessing the long-term evolution of water supply capacity: comparison of two Mediterranean catchments,2014
222,"Ernst, Kathleen M.|Preston, Benjamin L.",climate change|energy|water|adaptation|decision-making|scale,ENVIRONMENTAL SCIENCE & POLICY,WOS:000396957400005,Adaptation opportunities and constraints in coupled systems: Evidence from the US energy-water nexus,2017
223,"Srivastava, P. K.|Singh, Raj Mohan",canal system simulation|gis|conjunctive use|groundwater management|indo-gangetic plain,AGRICULTURAL WATER MANAGEMENT,WOS:000365376400005,GIS based integrated modelling framework for agricultural canal system simulation and management in Indo-Gangetic plains of India,2016
224,"Hutchins, Michael G.|McGrane, Scott J.|Miller, James D.|Hagen-Zanker, Alex|Kjeldsen, Thomas R.|Dadson, Simon J.|Rowland, Clare S.",,WILEY INTERDISCIPLINARY REVIEWS-WATER,WOS:000394904700006,Integrated modeling in urban hydrology: reviewing the role of monitoring technology in overcoming the issue of 'big data' requirements,2017
225,"Belete, Getachew F.|Voinov, Alexey",time step|integration method|component|web service|predator-prey|sensitivity analysis,COMPUTERS & GEOSCIENCES,WOS:000374807600015,Exploring temporal and functional synchronization in integrating models: A sensitivity analysis,2016
226,"Tian, Yong|Zheng, Yi|Zheng, Chunmiao",scientific visualization|gsflow|integrated surface water-groundwater modeling|heihe river basin|water resources management,COMPUTERS & GEOSCIENCES,WOS:000366770500001,Development of a visualization tool for integrated surface water-groundwater modeling,2016
227,"Faghihirad, S.|Lin, B.|Falconer, R. A.",morphodynamics|numerical modelling|turbulent flows|regulated reservoirs|three-dimensional flow|physical modelling|laboratory studies,WATER RESOURCES MANAGEMENT,WOS:000393777100028,3D Layer-Integrated Modelling of Morphodynamic Processes Near River Regulated Structures,2017
228,"Borrelli, Pasquale|Maerker, Michael|Panagos, Panos|Schuett, Brigitta",soil erosion risk|rusle|turbidity unit index|landscape sensitivity|central italy,CATENA,WOS:000331346300005,"Modeling soil erosion and river sediment yield for an intermountain drainage basin of the Central Apennines, Italy",2014
229,"de Brauwere, Anouk|Gourgue, Olivier|de Brye, Benjamin|Servais, Pierre|Ouattara, Nouho Koffi|Deleersnijder, Eric",microbiological water quality|escherichia coli|modelling|tidal rivers|scheldt estuary|slim,SCIENCE OF THE TOTAL ENVIRONMENT,WOS:000331776000005,Integrated modelling of faecal contamination in a densely populated river-sea continuum (Scheldt River and Estuary),2014
230,"Kidwell, David M.|Dietrich, J. Casey|Hagen, Scott C.|Medeiros, Stephen C.",sea level rise|wetlands|tidal hydrodynamics|storm surge|gulf of mexico|sedimentation,EARTHS FUTURE,WOS:000395001800001,An Earth's Future Special Collection: Impacts of the coastal dynamics of sea level rise on low-gradient coastal landscapes,2017
231,"Caniani, Donatella|Esposito, Giovanni|Gori, Riccardo|Mannina, Giorgio",decision support system|wastewater treatment plants (wwtps) integrated modeling|greenhouse gas (ghg) emissions,WATER,WOS:000364313100021,"Towards A New Decision Support System for Design, Management and Operation of Wastewater Treatment Plants for the Reduction of Greenhouse Gases Emission",2015
232,"Croke, B. F. W.|Blakers, R. S.|El Sawah, S.|Fu, B.|Guillaume, J. H. A.|Kelly, R. A.|Patrick, M. J.|Ross, A.|Ticehurst, J.|Barthel, R.|Jakeman, A. J.|Castellarin, A|Ceola, S|Toth, E|Montanari, A",integrated assessment|integrated modelling|hydrology|social science|interdisciplinary|water resource management|australia,"EVOLVING WATER RESOURCES SYSTEMS: UNDERSTANDING, PREDICTING AND MANAGING WATER-SOCIETY INTERACTIONS",WOS:000357968700058,Marrying Hydrological Modelling and Integrated Assessment for the needs of Water Resource Management,2014
233,"Jia, Yang|Xiao, Wu|Ruan, Xuehua|He, Gaohong|Jia, Xiaoping|Varbanov, PS|Klemes, JJ|Alwi, SRW|Yong, JY|Liu, ",,"PRES15: PROCESS INTEGRATION, MODELLING AND OPTIMISATION FOR ENERGY SAVING AND POLLUTION REDUCTION",WOS:000366034200092,Petri Net Methodology for Optimisation of Heat Integration and Batch Process Scheduling,2015
234,"Chen, Lei|Zhong, Yucen|Wei, Guoyuan|Cai, Yanpeng|Shen, Zhenyao",,WATER RESOURCES RESEARCH,WOS:000337672900027,Development of an integrated modeling approach for identifying multilevel non-point-source priority management areas at the watershed scale,2014
235,"Bollinger, L. Andrew|Nikolic, Igor|Davis, Chris B.|Dijkema, Gerard P. J.",simulation|complexity|evolutionary models|reuse|industrial ecology|integrated modeling,JOURNAL OF INDUSTRIAL ECOLOGY,WOS:000353243300010,Multimodel Ecologies Cultivating Model Ecosystems in Industrial Ecology,2015
236,"Ghodousi, Mehran|Atabi, Farideh|Nouri, Jafar|Gharagozlou, Alireza",decision support system|air quality management|robust strategy|pollution predicting,POLISH JOURNAL OF ENVIRONMENTAL STUDIES,WOS:000399967900012,Air Quality Management in Tehran Using a Multi-Dimensional Decision Support System,2017
237,"Ghoodjani, E.|Bolouri, S. H.",carbon capture and storage|co2 sequestration|enhanced oil recovery|integrated modeling,ENERGY SOURCES PART A-RECOVERY UTILIZATION AND ENVIRONMENTAL EFFECTS,WOS:000357813400002,Green Balance Software: An Integrated Model for Screening of CO2-EOR and CCS Projects,2015
238,"Ceola, Serena|Montanari, Alberto|Koutsoyiannis, Demetris",,WILEY INTERDISCIPLINARY REVIEWS-WATER,WOS:000443720300001,Toward a theoretical framework for integrated modeling of hydrological change,2014
239,"Kirchner, Mathias|Schmidt, Johannes|Kindermann, Georg|Kulmer, Veronika|Mitter, Herrnine|Prettenthaler, Franz|Ruedisser, Johannes|Schauppenlehner, Thomas|Schoenhart, Martin|Strauss, Franziska|Tappeiner, Ulrike|Tasser, Erich|Schmid, Erwin",agricultural ecosystem services|integrated modeling|policy impact analysis|regional climate change|macro-economic indicators|biodiversity and landscape metrics,ECOLOGICAL ECONOMICS,WOS:000349505400017,Ecosystem services and economic development in Austrian agricultural landscapes - The impact of policy and climate change scenarios on trade-offs and synergies,2015
240,"Nikiforakis, I. K.|Stamou, A. I.",hydrodynamics|numerical modelling|desalination|environmental impact|brine,DESALINATION AND WATER TREATMENT,WOS:000349803000001,Integrated modelling for the discharge of brine from desalination plants into coastal waters,2015
241,"Mannschatz, T.|Wolf, T.|Huelsmann, S.",model tools repository|model inventory|integrated models|web -based service|decision support tool|interactive comparison|near real-time visualization,ENVIRONMENTAL MODELLING & SOFTWARE,WOS:000368869200012,Nexus Tools Platform: Web-based comparison of modelling tools for analysis of water-soil-waste nexus,2016
242,"Ajami, H.|Evans, J. P.|McCabe, M. F.|Stisen, S.",,HYDROLOGY AND EARTH SYSTEM SCIENCES,WOS:000347313600015,Technical Note: Reducing the spin-up time of integrated surface water-groundwater models,2014
243,"Canovas, C. R.|Macias, F.|Olias, M.|Perez Lopez, R.|Nieto, J. M.",emma|mix|elemental ratios|flood events|particulate and dissolved metal transport,JOURNAL OF HYDROLOGY,WOS:000404816000046,Metal-fluxes characterization at a catchment scale: Study of mixing processes and end-member analysis in the Meca River watershed (SW Spain),2017
244,"Henine, H.|Nedelec, Y.|Ribstein, P.",subsurface drainage|integrated modelling|pipe flow|flow interactions|water storage,JOURNAL OF HYDROLOGY,WOS:000335274900005,Coupled modelling of the effect of overpressure on water discharge in a tile drainage system,2014
245,"Chang, Biao|Guan, Jiabao|Aral, Mustafa M.",climate change|sea level rise|spatial variations|inundation assessment|geographic information system (gis),WATER QUALITY EXPOSURE AND HEALTH,WOS:000344763000005,"Modeling Spatial Variations of Sea Level Rise and Corresponding Inundation Impacts: A Case Study for Florida, USA",2014
246,"Panagopoulos, Y.|Gassman, P. W.|Arritt, R. W.|Herzmann, D. E.|Campbell, T. D.|Jha, M. K.|Kling, C. L.|Srinivasan, R.|White, M.|Arnold, J. G.",agricultural management scenarios|climate change|corn based systems|nonpoint pollution|soil and water assessment tool|upper mississippi river basin,JOURNAL OF SOIL AND WATER CONSERVATION,WOS:000345025000012,Surface water quality and cropping systems sustainability under a changing climate in the Upper Mississippi River Basin,2014
247,"Ma, Xiaoliang|Huang, Zhen|Koutsopoulos, Haris",vehicle emission|traffic pollution|integrated modeling|emission models|model calibration|spsa|traffic simulation,ENVIRONMENTAL MODELING & ASSESSMENT,WOS:000338517600002,Integrated Traffic and Emission Simulation: a Model Calibration Approach Using Aggregate Information,2014
248,"Winter, Jonathan M.|Lopez, Jose R.|Ruane, Alex C.|Young, Charles A.|Scanlon, Bridget R.|Rosenzweig, Cynthia",irrigated agriculture|crop model|hydrologic model|water resources management|climate change,ANTHROPOCENE,WOS:000405592500002,Representing water scarcity in future agricultural assessments,2017
249,"Giordano, Raffaele|D'Agostino, Daniela|Apollonio, Ciro|Scardigno, Alessandra|Pagano, Alessandro|Portoghese, Ivan|Lamaddalena, Nicola|Piccinni, Alberto F.|Vurro, Michele",groundwater protection policy|cap reform|policies interaction|conflict assessment|bayesian belief network,AGRICULTURAL WATER MANAGEMENT,WOS:000344436500006,Evaluating acceptability of groundwater protection measures under different agricultural policies,2015
250,"Zessner, Matthias|Schoenhart, Martin|Parajka, Juraj|Trautvetter, Helene|Mitter, Hermine|Kirchner, Mathias|Hepp, Gerold|Blaschke, Alfred Paul|Strenn, Birgit|Schmid, Erwin",agriculture|climate change|ecological water quality status|impact modelling|socio-economic drivers,SCIENCE OF THE TOTAL ENVIRONMENT,WOS:000393320400014,novel integrated modelling framework to assess the impacts of climate and socio-economic drivers on land use and water quality,2017
251,"Ahmad, Shohan S.|Simonovic, Slobodan P.",risk analysis|2d hydrodynamic model|system dynamics simulation|spatial and temporal uncertainty|3d fuzzy set|reliability index,INTERNATIONAL JOURNAL OF RIVER BASIN MANAGEMENT,WOS:000212559700004,System dynamics and hydrodynamic modelling approaches for spatial and temporal analysis of flood risk,2015
252,"Abdul-Wahab, Sabah A.|Al-Rawas, Ghazi A.|Ali, Sappurd|Al-Dhamri, Hilal",carbon dioxide|cement plant|emission factors|oil-base mud|sustainability|sultanate of oman,JOURNAL OF CLEANER PRODUCTION,WOS:000368207500057,Impact of the addition of oil-based mud on carbon dioxide emissions in a cement plant,2016
253,"Bach, Peter M.|Rauch, Wolfgang|Mikkelsen, Peter S.|McCarthy, David T.|Deletic, Ana",decision support|integrated urban water management (iuwm)|inter-disciplinary modelling|model integration|uncertainty|urban water systems,ENVIRONMENTAL MODELLING & SOFTWARE,WOS:000332267300008,A critical review of integrated urban water modelling Urban drainage and beyond,2014
254,"Estreguil, Christine|de Rigo, Daniele|Caudullo, Giovanni",spatial pattern|morphology|edge interface|connectivity|habitat reporting|correlation analysis,ENVIRONMENTAL MODELLING & SOFTWARE,WOS:000346751700015,A proposal for an integrated modelling framework to characterise habitat pattern,2014
255,"Hassan, S. M. Tanvir|Lubczynski, Maciek W.|Niswonger, Richard G.|Su, Zhongbo",surface-groundwater interactions|hard rock aquifer|water balance|gsflow integrated hydrologic model|recharge|groundwater evapotranspiration,JOURNAL OF HYDROLOGY,WOS:000340977000034,Surface-groundwater interactions in hard rocks in Sardon Catchment of western Spain: An integrated modeling approach,2014
256,"Brown, M. E.|Racoviteanu, A. E.|Tarboton, D. G.|Sen Gupta, A.|Nigro, J.|Policelli, F.|Habib, S.|Tokay, M.|Shrestha, M. S.|Bajracharya, S.|Hummel, P.|Gray, M.|Duda, P.|Zaitchik, B.|Mahat, V.|Artan, G.|Tokar, S.",himalayas|glacier melt|energy balance|stream flow,JOURNAL OF HYDROLOGY,WOS:000347018100051,An integrated modeling system for estimating glacier and snow melt driven streamflow from remote sensing and earth system data products in the Himalayas,2014
257,"Bannwarth, M. A.|Grovermann, C.|Schreinemachers, P.|Ingwersen, J.|Lamers, M.|Berger, T.|Streck, T.",swat|mpmas|thailand|environment eco-toxicological threshold|impact assessment|multi-agent system,JOURNAL OF ENVIRONMENTAL MANAGEMENT,WOS:000364613200034,Non-hazardous pesticide concentrations in surface waters: An integrated approach simulating application thresholds and resulting farm income effects,2016
258,"Yaeger, Mary A.|Housh, Mashor|Cai, Ximing|Sivapalan, Murugesu",,WATER RESOURCES RESEARCH,WOS:000347921100016,An integrated modeling framework for exploring flow regime and water quality changes with increasing biofuel crop production in the US Corn Belt,2014
259,"Estrada, Leonel Lara|Rasche, Livia|Schneider, Uwe A.",land evaluation|ecological modeling|suitability functions|bayesian networks|integrated modeling framework,ENVIRONMENTAL MODELLING & SOFTWARE,WOS:000406177500016,Modeling land suitability for Coffea arabica L. in Central America,2017
260,"Wu, Bin|Zheng, Yi|Tian, Yong|Wu, Xin|Yao, Yingying|Han, Feng|Liu, Jie|Zheng, Chunmiao",,WATER RESOURCES RESEARCH,WOS:000342632000027,Systematic assessment of the uncertainty in integrated surface water-groundwater modeling based on the probabilistic collocation method,2014
261,"Wu, Bin|Zheng, Yi|Wu, Xin|Tian, Yong|Han, Feng|Liu, Jie|Zheng, Chunmiao",integrated surface water-groundwater modeling|surrogate modeling|water resources management|optimization|heihe river basin|gsflow,WATER RESOURCES RESEARCH,WOS:000354733500017,Optimizing water resources management in large river basins with integrated surface water-groundwater modeling: A surrogate-based approach,2015
262,"Arbault, Damien|Riviere, Mylene|Rugani, Benedetto|Benetto, Enrico|Tiruta-Barna, Ligia",life cycle impact assessment (lcia)|life cycle assessment (lca)|dynamic modeling|ecosystem services (es)|integrated modeling|global unified metamodel of the biosphere (gumbo),SCIENCE OF THE TOTAL ENVIRONMENT,WOS:000331916100031,Integrated earth system dynamic modeling for life cycle impact assessment of ecosystem services,2014
263,"Lechner, Alex M.|McIntyre, Neil|Witt, Katherine|Raymond, Christopher M.|Arnold, Sven|Scott, Margaretha|Rifldn, Will",mining|resource extraction|integrative modelling|strategic environmental assessment|cumulative impacts|land use planning,ENVIRONMENTAL MODELLING & SOFTWARE,WOS:000403512500017,"Challenges of integrated modelling in mining regions to address social, environmental and economic impacts",2017
264,"Wirtz, Daniel|Nowak, Wolfgang",scientific computing|extended software frameworks|no free lunch|reproducibility|software trust,ENVIRONMENTAL MODELLING & SOFTWARE,WOS:000403512500013,"The rocky road to extended simulation frameworks covering uncertainty, inversion, optimization and control",2017
265,"Liu, Ganming|Schwartz, Franklin W.|Tseng, Kuo-Hsin|Shum, C. K.",,WATER RESOURCES RESEARCH,WOS:000363402800009,"Discharge and water-depth estimates for ungauged rivers: Combining hydrologic, hydraulic, and inverse modeling with stage and water-area measurements from satellites",2015
266,"Bostian, Moriah|Whittaker, Gerald|Barnhart, Brad|Faere, Rolf|Grosskopf, Shawna",integrated modeling|nonpoint pollution|bilevel multiobjective optimization|tradeoff analysis|conservation targeting,WATER RESOURCES AND ECONOMICS,WOS:000366134500001,Valuing water quality tradeoffs at different spatial scales: An integrated approach using bilevel optimization,2015
267,"Gibbs, M. S.|Dandy, G. C.|Maier, H. R.",rainfall-runoff modelling|salinity|uncertainty|water quality|water resources management,STOCHASTIC ENVIRONMENTAL RESEARCH AND RISK ASSESSMENT,WOS:000328324200005,Assessment of the ability to meet environmental water requirements in the Upper South East of South Australia,2014
268,"Igos, Elorri|Besson, Mathilde|Gutierrez, Tomas Navarrete|de Faria, Ana Barbara Bisinella|Benetto, Enrico|Barna, Ligia|Ahmadi, Aras|Sperandio, Mathieu",source-separated urine treatment|process simulation|sustainability assessment|innovative technology|integrated modelling,WATER RESEARCH,WOS:000414818700006,Assessment of environmental impacts and operational costs of the implementation of an innovative source-separated urine treatment,2017
269,"Semakula, Henry Musoke|Song, Guobao|Achuu, Simon Peter|Zhang, Shushen",malaria parasitaemia|bayesian belief network|household factors|children|sub-saharan africa,ENVIRONMENTAL MODELLING & SOFTWARE,WOS:000367105900005,A Bayesian belief network modelling of household factors influencing the risk of malaria: A study of parasitaemia in children under five years of age in sub-Saharan Africa,2016
270,"Le, Phong V. V.|Kumar, Praveen",,WATER RESOURCES RESEARCH,WOS:000418736000015,Interaction Between Ecohydrologic Dynamics and Microtopographic Variability Under Climate Change,2017
271,"Santhi, C.|Kannan, N.|White, M.|Di Luzio, M.|Arnold, J. G.|Wang, X.|Williams, J. R.",,JOURNAL OF ENVIRONMENTAL QUALITY,WOS:000330463600018,An Integrated Modeling Approach for Estimating the Water Quality Benefits of Conservation Practices at the River Basin Scale,2014
